tweet_id,retweet_count,favorite_count,media1,media2,media3,media4
892420643555336193,8627,38925,photo,,,
892177421306343426,6337,33333,photo,,,
891815181378084864,4207,25114,photo,,,
891689557279858688,8751,42276,photo,,,
891327558926688256,9509,40432,photo,photo,,
891087950875897856,3149,20280,photo,,,
890971913173991426,2098,11892,photo,,,
890729181411237888,19122,65772,photo,photo,,
890609185150312448,4316,27853,photo,,,
890240255349198849,7504,32037,photo,,,
890006608113172480,7426,30759,photo,photo,,
889880896479866881,5024,27875,photo,,,
889665388333682689,10179,48247,photo,,,
889638837579907072,4594,27263,photo,photo,,
889531135344209921,2261,15134,photo,,,
889278841981685760,5494,25390,video,,,
888917238123831296,4553,29180,photo,,,
888804989199671297,4395,25682,photo,photo,,
888554962724278272,3623,19989,photo,photo,photo,photo
888078434458587136,3537,21838,photo,photo,,
887705289381826560,5454,30298,photo,,,
887517139158093824,11797,46391,video,,,
887473957103951883,18439,69338,photo,photo,,
887343217045368832,10521,33797,video,,,
887101392804085760,6032,30649,photo,,,
886983233522544640,7851,35277,photo,photo,,
886736880519319552,3337,12106,photo,photo,,
886680336477933568,4521,22497,photo,,,
886366144734445568,3221,21190,photo,photo,,
886267009285017600,4,116,,,,
886258384151887873,6369,28049,photo,,,
886054160059072513,105,0,,,,
885984800019947520,6891,32817,photo,,,
885528943205470208,6518,36125,photo,,,
885518971528720385,3805,20493,,,,
885311592912609280,18787,0,photo,photo,,
885167619883638784,4432,22013,photo,photo,photo,photo
884925521741709313,18666,77761,photo,,,
884876753390489601,5863,28028,photo,photo,photo,photo
884562892145688576,4938,24382,photo,,,
884441805382717440,5722,27087,photo,,,
884247878851493888,20671,73253,,,,
884162670584377345,3028,20451,photo,,,
883838122936631299,3490,21979,photo,,,
883482846933004288,10085,46107,photo,photo,,
883360690899218434,3731,22629,photo,,,
883117836046086144,6754,37349,photo,photo,,
882992080364220416,3982,24028,photo,photo,,
882762694511734784,4988,28405,photo,,,
882627270321602560,6171,27966,photo,,,
882268110199369728,11756,45127,photo,photo,photo,
882045870035918850,5050,29468,photo,photo,photo,photo
881906580714921986,3435,24376,photo,,,
881666595344535552,10813,50716,photo,,,
881633300179243008,7,127,,,,
881536004380872706,16183,49631,video,,,
881268444196462592,5215,23147,photo,,,
880935762899988482,2815,17068,photo,,,
880872448815771648,3868,21373,photo,,,
880465832366813184,6370,28628,photo,photo,photo,photo
880221127280381952,4290,27162,photo,photo,,
880095782870896641,4418,27716,photo,,,
879862464715927552,3547,22374,photo,photo,photo,
879674319642796034,10,313,,,,
879492040517615616,3228,23484,photo,,,
879415818425184262,44777,106269,video,,,
879376492567855104,3160,16826,photo,,,
879130579576475649,6943,0,,,,
879050749262655488,4781,22671,photo,,,
879008229531029506,2731,19035,photo,,,
878776093423087618,4184,19446,photo,photo,,
878604707211726852,7352,30389,,,,
878404777348136964,1313,0,,,,
878316110768087041,6764,0,,,,
878281511006478336,1313,7784,photo,,,
878057613040115712,6943,42212,photo,photo,,
877736472329191424,19475,80232,photo,photo,,
877611172832227328,81,0,photo,photo,,
877556246731214848,3888,22857,photo,,,
877316821321428993,5261,27459,photo,photo,,
877201837425926144,5691,27251,photo,photo,,
876838120628539392,3417,20766,photo,photo,,
876537666061221889,4685,23538,,,,
876484053909872640,2444,18847,photo,,,
876120275196170240,4775,28046,photo,,,
875747767867523072,4369,25312,photo,,,
875144289856114688,5011,22024,video,,,
875097192612077568,6149,27546,,,,
875021211251597312,4796,25606,photo,photo,,
874680097055178752,4729,28002,photo,,,
874434818259525634,15070,0,,,,
874296783580663808,4195,26204,photo,,,
874057562936811520,4030,22774,photo,,,
874012996292530176,10676,34896,photo,photo,,
873580283840344065,4031,24401,photo,,,
873337748698140672,1622,0,,,,
873213775632977920,1622,7317,photo,photo,,
872967104147763200,5514,27562,photo,photo,,
872820683541237760,3779,14821,photo,photo,photo,photo
872668790621863937,28,0,,,,
872620804844003328,3791,20945,photo,,,
872486979161796608,9204,41001,photo,,,
872261713294495745,6477,34510,photo,photo,,
872122724285648897,8316,34737,photo,photo,,
871879754684805121,11507,38397,photo,photo,,
871762521631449091,3567,20447,photo,photo,photo,
871515927908634625,3540,20402,photo,photo,,
871166179821445120,5827,0,,,,
871102520638267392,5621,21128,,,,
871032628920680449,3899,22889,photo,,,
870804317367881728,6387,34013,photo,,,
870726314365509632,3,120,,,,
870656317836468226,2726,12584,photo,photo,photo,photo
870374049280663552,26975,83636,photo,,,
870308999962521604,4271,22085,photo,photo,,
870063196459192321,8607,37124,photo,photo,,
869772420881756160,10357,42950,photo,,,
869702957897576449,6530,28620,photo,,,
869596645499047938,3235,16206,photo,photo,,
869227993411051520,3915,20731,photo,,,
868880397819494401,14988,66628,photo,,,
868639477480148993,2169,0,,,,
868622495443632128,5960,27809,photo,,,
868552278524837888,2169,10345,photo,photo,,
867900495410671616,4323,24564,photo,,,
867774946302451713,7585,34560,photo,photo,,
867421006826221569,2609,16456,photo,,,
867072653475098625,131,0,photo,photo,,
867051520902168576,8174,32831,photo,,,
866720684873056260,5016,20489,,,,
866686824827068416,3626,19731,photo,photo,,
866450705531457537,36628,124619,photo,photo,,
866334964761202691,15070,53711,photo,photo,,
866094527597207552,8703,0,,,,
865718153858494464,5835,26155,photo,,,
865359393868664832,5219,27061,photo,photo,,
865006731092295680,8002,28606,photo,,,
864873206498414592,9116,33048,photo,photo,,
864279568663928832,3181,14950,photo,photo,,
864197398364647424,9362,30890,photo,photo,photo,photo
863907417377173506,4329,21116,photo,photo,,
863553081350529029,4358,15658,video,,,
863471782782697472,2591,0,,,,
863432100342583297,5525,24368,photo,,,
863427515083354112,101,2316,,,,
863079547188785154,1154,8969,photo,,,
863062471531167744,2591,8767,photo,photo,photo,photo
862831371563274240,5316,19668,photo,photo,,
862722525377298433,3706,17507,photo,,,
862457590147678208,5210,21085,photo,photo,photo,
862096992088072192,24446,76618,photo,photo,,
861383897657036800,11229,37071,photo,,,
861288531465048066,4378,17677,video,,,
861005113778896900,4003,17200,photo,,,
860981674716409858,2268,0,,,,
860924035999428608,857,0,photo,photo,,
860563773140209665,2268,7722,photo,photo,,
860524505164394496,5546,24292,photo,,,
860276583193509888,3654,18836,photo,,,
860184849394610176,6151,17173,photo,,,
860177593139703809,32499,0,,,,
859924526012018688,4309,20117,photo,,,
859851578198683649,3685,15848,photo,photo,photo,photo
859607811541651456,1658,19145,photo,,,
859196978902773760,31919,92716,video,,,
859074603037188101,14368,34956,photo,,,
858860390427611136,8574,0,,,,
858843525470990336,3668,16042,photo,,,
858471635011153920,5115,22208,photo,,,
858107933456039936,3080,16243,photo,,,
857989990357356544,2731,16654,photo,,,
857746408056729600,11228,35391,photo,photo,photo,
857393404942143489,1726,6120,photo,photo,photo,photo
857263160327368704,4800,20673,photo,,,
857214891891077121,20,238,,,,
857062103051644929,179,0,,,,
857029823797047296,4249,19573,photo,photo,,
856602993587888130,11324,0,,,,
856543823941562368,3057,16862,photo,,,
856526610513747968,2000,12244,photo,,,
856330835276025856,719,0,,,,
856288084350160898,17,535,,,,
856282028240666624,6698,28645,photo,photo,photo,photo
855862651834028034,28,362,,,,
855860136149123072,1103,5114,,,,
855857698524602368,2251,12271,,,,
855851453814013952,18766,47113,photo,,,
855818117272018944,5787,27593,,,,
855459453768019968,8756,31124,photo,photo,,
855245323840757760,6367,0,,,,
855138241867124737,49,0,,,,
854732716440526848,6514,23773,photo,photo,photo,photo
854482394044301312,7359,30572,photo,,,
854365224396361728,5022,19689,photo,photo,,
854120357044912130,8026,33300,photo,photo,photo,photo
854010172552949760,3360,16881,photo,photo,,
853760880890318849,6223,29886,photo,,,
853639147608842240,10907,36512,photo,photo,,
853299958564483072,3825,16253,photo,photo,,
852936405516943360,2174,0,,,,
852912242202992640,1982,9471,photo,photo,,
852672615818899456,2313,15649,photo,,,
852553447878664193,3779,17171,photo,photo,,
852311364735569921,10673,34739,photo,,,
852226086759018497,7365,20982,video,,,
852189679701164033,1704,12017,photo,,,
851953902622658560,10415,0,photo,photo,,
851861385021730816,23,0,photo,,,
851591660324737024,3738,17029,photo,,,
851464819735769094,7634,25521,photo,photo,photo,photo
851224888060895234,6188,21728,photo,photo,photo,photo
850753642995093505,10066,32723,photo,photo,,
850380195714523136,2826,13745,video,,,
850333567704068097,361,3592,,,,
850145622816686080,4134,17210,photo,photo,photo,photo
850019790995546112,5312,21573,photo,photo,photo,
849776966551130114,8249,32129,photo,photo,,
849668094696017920,5389,0,,,,
849412302885593088,3399,16749,photo,photo,photo,photo
849336543269576704,2051,12062,photo,,,
849051919805034497,9276,44786,photo,,,
848690551926992896,4688,26645,photo,,,
848324959059550208,5005,26176,photo,,,
848213670039564288,814,8649,,,,
848212111729840128,3351,17290,photo,,,
847978865427394560,3548,0,,,,
847971574464610304,467,0,photo,,,
847962785489326080,5576,24854,photo,,,
847842811428974592,1468,5819,photo,,,
847617282490613760,457,7425,,,,
847606175596138505,3677,19852,photo,,,
847251039262605312,4661,21625,photo,photo,,
847157206088847362,6380,21175,photo,photo,,
847116187444137987,3480,22698,photo,,,
846874817362120707,4289,21293,photo,photo,,
846514051647705089,12673,47443,photo,photo,photo,
846505985330044928,3385,15016,,,,
846153765933735936,9885,33714,photo,photo,,
846139713627017216,10726,32705,,,,
846042936437604353,3144,16982,photo,,,
845812042753855489,9562,31123,photo,photo,photo,photo
845677943972139009,5223,26676,photo,,,
845397057150107648,1998,8107,photo,photo,,
845306882940190720,5892,24789,photo,,,
845098359547420673,8405,0,,,,
844979544864018432,2833,14478,photo,photo,photo,
844973813909606400,3519,16094,photo,,,
844704788403113984,11324,41226,photo,,,
844580511645339650,3431,17520,photo,,,
844223788422217728,2399,14503,photo,,,
843981021012017153,3198,16064,,,,
843856843873095681,5075,22788,photo,,,
843604394117681152,2998,17990,photo,,,
843235543001513987,6639,22896,photo,photo,photo,
842846295480000512,3927,16192,photo,,,
842765311967449089,1405,7192,photo,photo,,
842535590457499648,3836,19282,photo,,,
842163532590374912,6367,26114,photo,photo,,
842115215311396866,3314,14948,photo,photo,photo,
841833993020538882,16945,0,video,,,
841680585030541313,8519,27336,photo,,,
841439858740625411,4047,13494,photo,photo,photo,photo
841320156043304961,5958,21058,,,,
841314665196081154,5169,16964,video,,,
841077006473256960,5827,24486,photo,,,
840761248237133825,1933,0,,,,
840728873075638272,17803,0,,,,
840698636975636481,3,195,,,,
840696689258311684,1089,13149,photo,,,
840632337062862849,1933,9597,photo,,,
840370681858686976,5018,17597,photo,,,
840268004936019968,6314,20597,photo,photo,photo,photo
839990271299457024,2531,14363,photo,photo,,
839549326359670784,8574,29462,photo,,,
839290600511926273,156,0,photo,photo,,
839239871831150596,7221,29104,photo,photo,photo,
838952994649550848,4393,21001,,,,
838921590096166913,2292,11961,photo,,,
838916489579200512,37,0,photo,photo,,
838831947270979586,12238,0,,,,
838561493054533637,1468,11687,photo,,,
838476387338051585,5323,24220,photo,photo,photo,
838201503651401729,11195,0,,,,
838150277551247360,358,1794,,,,
838085839343206401,0,149,,,,
838083903487373313,3476,18884,photo,photo,,
837820167694528512,8703,36652,photo,photo,,
837482249356513284,490,4128,photo,photo,,
837471256429613056,2555,13740,photo,photo,,
837366284874571778,5851,22651,photo,,,
837110210464448512,2656,17166,photo,,,
836989968035819520,2542,13645,photo,,,
836753516572119041,5101,20641,photo,,,
836677758902222849,2455,13525,photo,photo,,
836648853927522308,609,0,,,,
836397794269200385,30518,0,,,,
836380477523124226,3252,15791,photo,,,
836260088725786625,4737,22781,photo,,,
836001077879255040,4782,20514,photo,photo,photo,photo
835685285446955009,9073,0,,,,
835574547218894849,4016,19116,photo,photo,,
835536468978302976,1884,0,,,,
835309094223372289,23323,0,,,,
835297930240217089,3307,17584,photo,,,
835264098648616962,1884,8340,photo,photo,,
835246439529840640,81,2238,,,,
835172783151792128,6371,28048,photo,photo,,
835152434251116546,3361,24124,photo,photo,photo,
834931633769889797,1827,11640,photo,photo,photo,
834786237630337024,6045,22644,photo,,,
834574053763584002,2812,14731,photo,,,
834477809192075265,11830,0,,,,
834458053273591808,1857,10333,photo,,,
834209720923721728,5317,22156,photo,photo,,
834167344700198914,4026,16922,photo,,,
834089966724603904,2358,10797,,,,
834086379323871233,2457,14035,photo,,,
833863086058651648,2668,14410,photo,photo,,
833826103416520705,3818,16479,photo,photo,,
833732339549220864,242,0,,,,
833722901757046785,3556,22215,photo,photo,,
833479644947025920,2292,15979,photo,photo,photo,
833124694597443584,5389,21743,photo,photo,photo,
832998151111966721,2462,14317,photo,photo,,
832769181346996225,42,0,photo,photo,,
832757312314028032,4021,18116,photo,photo,,
832682457690300417,3270,12789,,,,
832645525019123713,578,3140,,,,
832636094638288896,3118,17074,photo,,,
832397543355072512,2479,12872,photo,photo,,
832369877331693569,3548,18476,photo,,,
832273440279240704,2597,12159,video,,,
832215909146226688,6886,0,,,,
832215726631055365,10423,0,photo,photo,,
832088576586297345,2,72,,,,
832040443403784192,10822,0,photo,photo,,
832032802820481025,5192,19255,photo,photo,photo,photo
831939777352105988,6848,25866,photo,,,
831926988323639298,36,367,,,,
831911600680497154,7268,29805,photo,photo,photo,photo
831670449226514432,2018,11261,photo,,,
831650051525054464,2174,7741,photo,photo,photo,photo
831552930092285952,2556,9709,photo,,,
831322785565769729,1706,9884,photo,,,
831315979191906304,1237,7006,photo,photo,photo,photo
831309418084069378,2713,12610,photo,,,
831262627380748289,2290,12836,photo,,,
830956169170665475,1681,8595,video,,,
830583320585068544,18787,72158,photo,photo,,
830173239259324417,6370,0,,,,
830097400375152640,3358,10610,photo,photo,photo,photo
829878982036299777,5601,0,photo,,,
829861396166877184,2191,13216,photo,,,
829501995190984704,11830,34252,photo,photo,,
829449946868879360,2270,11313,photo,,,
829374341691346946,10415,37423,photo,photo,,
829141528400556032,8281,26476,photo,photo,,
829011960981237760,18106,57211,photo,photo,,
828801551087042563,3797,0,,,,
828770345708580865,6564,27615,photo,,,
828708714936930305,12527,39535,photo,photo,,
828650029636317184,1501,10280,photo,photo,photo,
828409743546925057,1282,6784,photo,,,
828408677031882754,1431,8262,photo,,,
828381636999917570,2485,13643,photo,,,
828376505180889089,1188,7988,photo,,,
828372645993398273,3267,13531,photo,,,
828361771580813312,191,2369,,,,
828046555563323392,3192,12728,photo,photo,photo,
828011680017821696,2393,11193,photo,photo,,
827933404142436356,5849,21794,photo,photo,photo,
827653905312006145,3352,16700,photo,,,
827600520311402496,1055,8018,photo,,,
827324948884643840,3423,17186,photo,,,
827199976799354881,2508,11455,photo,photo,photo,photo
826958653328592898,5601,23360,photo,,,
826848821049180160,11501,39557,photo,photo,photo,photo
826615380357632002,4407,0,,,,
826598799820865537,286,5541,,,,
826598365270007810,2627,10909,photo,photo,photo,
826476773533745153,4693,19937,photo,,,
826240494070030336,2895,14358,photo,,,
826204788643753985,1051,5277,photo,photo,photo,photo
826115272272650244,3506,16983,photo,,,
825876512159186944,2094,11328,photo,,,
825829644528148480,2788,13788,photo,photo,,
825535076884762624,19258,56338,photo,,,
825147591692263424,5123,19845,photo,,,
825120256414846976,1444,0,,,,
825026590719483904,1444,6896,photo,photo,,
824796380199809024,6149,0,photo,photo,photo,
824775126675836928,3955,16237,photo,photo,,
824663926340194305,1946,10915,photo,,,
824325613288833024,11615,12772,photo,,,
824297048279236611,4331,16297,photo,photo,,
824025158776213504,665,5171,,,,
823939628516474880,3037,11551,photo,,,
823719002937630720,12634,0,,,,
823699002998870016,2706,13635,photo,,,
823581115634085888,2974,14144,photo,,,
823333489516937216,29,760,,,,
823322678127919110,4521,17108,photo,photo,,
823269594223824897,11084,0,photo,,,
822975315408461824,3866,18795,photo,,,
822872901745569793,49324,143818,photo,,,
822859134160621569,2561,14336,photo,,,
822647212903690241,7191,0,photo,photo,photo,
822610361945911296,3327,16036,photo,,,
822489057087389700,7191,19726,photo,photo,photo,
822462944365645825,16621,31148,photo,photo,photo,photo
822244816520155136,11084,38099,photo,,,
822163064745328640,5422,0,,,,
821886076407029760,2633,12355,photo,,,
821813639212650496,3751,0,photo,,,
821765923262631936,1864,9168,photo,,,
821522889702862852,1984,8715,photo,,,
821421320206483457,6283,0,,,,
821407182352777218,4904,12832,video,,,
821153421864615936,10,276,,,,
821149554670182400,2265,9521,video,,,
821107785811234820,2401,10450,photo,,,
821044531881721856,2573,13760,photo,,,
820837357901512704,7523,0,,,,
820749716845686786,11195,34352,photo,photo,,
820690176645140481,3626,13295,photo,photo,photo,
820494788566847489,636,0,,,,
820446719150292993,2908,0,photo,photo,photo,
820314633777061888,636,3634,photo,photo,photo,
820078625395449857,7067,21547,photo,photo,photo,
820013781606658049,1329,0,,,,
819952236453363712,1329,5806,photo,,,
819924195358416896,5453,14022,video,,,
819711362133872643,3529,14640,photo,photo,,
819588359383371776,2215,10411,photo,,,
819347104292290561,1350,7863,photo,photo,photo,
819238181065359361,454,2494,,,,
819227688460238848,7523,25159,photo,,,
819015337530290176,41147,0,photo,photo,photo,photo
819015331746349057,21239,0,photo,photo,photo,photo
819006400881917954,21239,49106,photo,photo,photo,photo
819004803107983360,41147,93928,photo,photo,photo,photo
818646164899774465,23443,0,,,,
818627210458333184,8364,24181,photo,,,
818614493328580609,2909,10757,photo,photo,photo,photo
818588835076603904,6939,0,photo,,,
818536468981415936,2790,11909,photo,,,
818307523543449600,9144,0,,,,
818259473185828864,2563,11994,photo,,,
818145370475810820,2925,13412,photo,photo,photo,
817908911860748288,889,5263,,,,
817827839487737858,30518,56588,video,,,
817777686764523521,3002,11660,video,,,
817536400337801217,3419,12867,photo,photo,photo,photo
817502432452313088,3818,0,,,,
817423860136083457,16945,37403,video,,,
817415592588222464,1089,6131,photo,,,
817181837579653120,9594,0,video,,,
817171292965273600,2263,9511,photo,,,
817120970343411712,2951,13232,photo,,,
817056546584727552,1862,9348,photo,,,
816829038950027264,5329,0,photo,,,
816816676327063552,2300,10895,photo,,,
816697700272001025,2480,10691,photo,photo,,
816450570814898180,9144,33368,photo,photo,,
816336735214911488,2207,9384,photo,,,
816091915477250048,2428,9734,photo,photo,photo,photo
816062466425819140,1179,0,,,,
816014286006976512,6001,0,photo,photo,,
815990720817401858,1179,5447,photo,,,
815966073409433600,9594,24550,video,,,
815745968457060357,4656,0,,,,
815736392542261248,2557,10735,photo,photo,photo,photo
815639385530101762,1859,8990,photo,,,
815390420867969024,4286,11273,photo,,,
814986499976527872,1464,8336,photo,,,
814638523311648768,3057,12305,photo,photo,photo,
814578408554463233,6569,0,,,,
814530161257443328,2097,9462,photo,,,
814153002265309185,9815,31407,photo,,,
813944609378369540,3644,0,photo,,,
813910438903693312,2124,10141,photo,,,
813812741911748608,15819,39686,photo,photo,photo,
813800681631023104,1999,9126,photo,,,
813217897535406080,8233,20400,photo,photo,photo,photo
813202720496779264,2034,10016,photo,,,
813187593374461952,4927,21684,photo,,,
813172488309972993,2170,10206,photo,,,
813157409116065792,2500,8452,photo,photo,photo,photo
813142292504645637,2662,9192,photo,photo,photo,
813130366689148928,500,4877,,,,
813127251579564032,3547,12973,photo,photo,,
813112105746448384,3121,11295,photo,,,
813096984823349248,4088,11498,photo,,,
813081950185472002,3126,10800,photo,photo,,
813066809284972545,2197,8692,photo,,,
813051746834595840,8260,22897,photo,,,
812781120811126785,2159,8266,photo,photo,photo,
812747805718642688,7860,0,,,,
812709060537683968,1618,7239,photo,,,
812503143955202048,1385,6659,photo,photo,,
812466873996607488,2178,8743,photo,,,
812372279581671427,4146,14961,photo,photo,,
811985624773361665,1590,7953,photo,,,
811744202451197953,1824,8256,photo,,,
811647686436880384,841,6091,,,,
811627233043480576,3548,14007,photo,,,
811386762094317568,7234,22844,photo,,,
810984652412424192,1614,5835,photo,,,
810896069567610880,2025,9895,photo,photo,photo,
810657578271330305,2985,11995,photo,,,
810284430598270976,12963,38829,photo,photo,,
810254108431155201,3797,16075,photo,,,
809920764300447744,4407,16936,photo,,,
809808892968534016,5554,0,photo,photo,,
809448704142938112,1664,7583,photo,,,
809220051211603969,6370,21833,photo,photo,,
809084759137812480,3961,14446,photo,,,
808838249661788160,3436,11051,photo,,,
808733504066486276,2445,8643,photo,,,
808501579447930884,2929,12356,photo,photo,,
808344865868283904,23443,46507,,,,
808134635716833280,6751,0,photo,,,
808106460588765185,2464,9546,photo,,,
808001312164028416,3995,13767,photo,photo,,
807621403335917568,4162,15968,photo,photo,photo,photo
807106840509214720,61340,123353,video,,,
807059379405148160,8297,0,photo,photo,,
807010152071229440,4312,14269,photo,,,
806629075125202948,39625,82440,photo,photo,,
806620845233815552,6244,0,,,,
806576416489959424,2182,5295,,,,
806542213899489280,2688,11177,photo,,,
806242860592926720,13242,0,photo,photo,photo,
806219024703037440,1356,7020,photo,,,
805958939288408065,6076,0,photo,,,
805932879469572096,2147,9049,photo,,,
805826884734976000,2074,7200,video,,,
805823200554876929,9127,0,,,,
805520635690676224,1873,6271,photo,photo,photo,photo
805487436403003392,2864,9594,photo,photo,photo,photo
805207613751304193,1921,8518,photo,,,
804738756058218496,4357,15057,photo,,,
804475857670639616,2278,6742,,,,
804413760345620481,3636,0,photo,,,
804026241225523202,18366,48873,photo,photo,photo,
803773340896923648,3134,11013,photo,photo,photo,photo
803692223237865472,8426,0,photo,,,
803638050916102144,4694,12034,video,,,
803380650405482500,2107,8478,photo,,,
803321560782307329,6048,0,,,,
803276597545603072,2795,10999,photo,,,
802952499103731712,2270,9893,photo,,,
802624713319034886,3312,0,photo,,,
802600418706604034,1663,7803,,,,
802572683846291456,2844,9796,photo,,,
802323869084381190,6621,17807,photo,photo,photo,photo
802265048156610565,1540,6945,photo,,,
802239329049477120,2946,9936,photo,photo,,
802185808107208704,306,0,,,,
801958328846974976,1931,8462,photo,,,
801854953262350336,264,1926,,,,
801538201127157760,2331,8969,photo,,,
801285448605831168,937,6651,photo,,,
801167903437357056,6751,26898,photo,,,
801127390143516673,4503,0,,,,
801115127852503040,2362,8848,photo,photo,,
800859414831898624,109,759,,,,
800855607700029440,1841,0,,,,
800751577355128832,3133,11505,photo,photo,photo,
800513324630806528,3406,14415,photo,,,
800459316964663297,2429,10359,photo,,,
800443802682937345,4907,0,photo,,,
800388270626521089,3165,12227,photo,photo,photo,
800188575492947969,4454,0,,,,
800141422401830912,2908,16780,photo,photo,photo,
800018252395122689,14936,31154,video,,,
799774291445383169,5328,0,photo,,,
799757965289017345,2445,9224,photo,photo,photo,photo
799422933579902976,2160,8815,photo,,,
799308762079035393,6286,0,,,,
799297110730567681,3152,10874,photo,photo,,
799063482566066176,2786,8877,photo,photo,photo,photo
798933969379225600,5074,14453,photo,photo,,
798925684722855936,1626,8140,photo,,,
798705661114773508,7506,0,,,,
798701998996647937,8864,0,,,,
798697898615730177,7389,0,photo,,,
798694562394996736,5653,0,photo,,,
798686750113755136,2632,0,,,,
798682547630837760,5377,0,,,,
798673117451325440,6313,0,photo,,,
798665375516884993,4415,0,photo,,,
798644042770751489,2098,0,photo,,,
798628517273620480,2221,0,photo,,,
798585098161549313,6476,0,,,,
798576900688019456,6686,0,,,,
798340744599797760,3815,0,photo,,,
798209839306514432,2886,11365,photo,,,
797971864723324932,3565,12782,photo,photo,,
797545162159308800,5494,15923,photo,photo,photo,photo
797236660651966464,7510,21945,photo,photo,,
797165961484890113,32,254,,,,
796904159865868288,10119,0,,,,
796865951799083009,2150,8411,photo,,,
796759840936919040,3475,13029,photo,photo,,
796563435802726400,8300,0,,,,
796484825502875648,1996,8318,photo,,,
796387464403357696,4720,12101,photo,photo,,
796177847564038144,16230,0,photo,photo,,
796149749086875649,16230,35541,photo,photo,,
796125600683540480,2026,5431,,,,
796116448414461957,2744,9964,photo,,,
796080075804475393,2623,9269,photo,,,
796031486298386433,4187,11854,photo,,,
795464331001561088,27015,54702,video,,,
795400264262053889,3243,11085,photo,photo,photo,photo
795076730285391872,6149,17816,photo,photo,photo,
794983741416415232,3819,0,photo,photo,photo,
794926597468000259,2625,11282,photo,,,
794355576146903043,11677,0,photo,,,
794332329137291264,2997,10494,photo,,,
794205286408003585,3775,10115,photo,photo,photo,
793962221541933056,5554,18499,photo,photo,,
793845145112371200,2123,10109,photo,,,
793614319594401792,3547,0,photo,,,
793601777308463104,1853,8752,photo,,,
793500921481273345,2706,11743,photo,photo,,
793286476301799424,10423,27039,photo,photo,,
793271401113350145,2672,9480,photo,,,
793256262322548741,9436,21935,photo,,,
793241302385262592,3715,11565,photo,,,
793226087023144960,3234,10798,photo,photo,photo,
793210959003287553,3200,9810,photo,,,
793195938047070209,6363,16758,photo,photo,,
793180763617361921,2243,7585,photo,,,
793165685325201412,3153,10322,photo,,,
793150605191548928,1938,6776,photo,,,
793135492858580992,2812,7085,photo,photo,,
793120401413079041,4416,13937,photo,,,
792913359805018113,4564,15763,photo,photo,photo,photo
792883833364439040,4838,12414,photo,photo,photo,photo
792773781206999040,1908,8062,photo,,,
792394556390137856,4866,14834,photo,photo,,
792050063153438720,2033,7888,photo,photo,,
791821351946420224,23841,0,,,,
791784077045166082,10955,0,,,,
791780927877898241,4306,0,,,,
791774931465953280,25199,49485,,,,
791672322847637504,3547,12895,photo,,,
791406955684368384,4656,14411,photo,photo,photo,photo
791312159183634433,2873,9652,photo,photo,photo,photo
791026214425268224,4680,0,photo,,,
790987426131050500,2418,10877,photo,,,
790946055508652032,5329,18240,photo,,,
790723298204217344,2628,0,photo,,,
790698755171364864,2156,9005,photo,,,
790581949425475584,8106,22699,photo,photo,,
790337589677002753,2114,8594,photo,,,
790277117346975746,3644,13792,photo,,,
790227638568808452,4062,0,,,,
789986466051088384,2628,10179,photo,,,
789960241177853952,4710,0,,,,
789903600034189313,4686,11410,,,,
789628658055020548,2016,8284,photo,,,
789599242079838210,2191,7460,photo,photo,,
789530877013393408,3819,12913,photo,photo,photo,
789314372632018944,2609,9447,,,,
789280767834746880,5601,0,,,,
789268448748703744,2936,10020,photo,,,
789137962068021249,3157,10660,photo,photo,photo,
788908386943430656,14050,30036,photo,,,
788765914992902144,11677,30108,photo,,,
788552643979468800,8190,0,,,,
788412144018661376,6014,17118,photo,photo,,
788178268662984705,2413,7951,photo,photo,photo,photo
788150585577050112,1478,6751,photo,photo,photo,photo
788070120937619456,3859,0,photo,,,
788039637453406209,1495,6733,photo,photo,,
787810552592695296,3453,9525,photo,photo,,
787717603741622272,3151,11204,photo,photo,photo,photo
787397959788929025,3204,11893,photo,,,
787322443945877504,1977,8552,photo,,,
787111942498508800,7586,0,,,,
786963064373534720,9073,29130,photo,,,
786729988674449408,2740,0,,,,
786709082849828864,6886,19928,photo,,,
786664955043049472,2908,11709,photo,,,
786595970293370880,3513,10309,photo,,,
786363235746385920,3965,11961,photo,photo,photo,photo
786286427768250368,3248,8765,,,,
786233965241827333,5422,16825,photo,,,
786051337297522688,174,1579,,,,
786036967502913536,7993,0,photo,photo,photo,photo
785927819176054784,3569,12472,photo,,,
785872687017132033,2066,7329,video,,,
785639753186217984,2499,8557,photo,photo,,
785533386513321988,2276,9997,photo,photo,,
785515384317313025,1433,6681,,,,
785264754247995392,1853,7971,photo,,,
785170936622350336,5501,13262,photo,photo,photo,photo
784826020293709826,3636,11130,photo,,,
784517518371221505,2868,9839,photo,photo,photo,
784431430411685888,1447,6222,photo,,,
784183165795655680,9127,22069,,,,
784057939640352768,12634,32793,,,,
783839966405230592,12238,32986,photo,photo,photo,
783821107061198850,2219,8065,photo,photo,,
783695101801398276,3632,11431,photo,photo,photo,
783466772167098368,2546,9279,photo,photo,,
783391753726550016,6236,18520,photo,photo,photo,photo
783347506784731136,6340,0,photo,,,
783334639985389568,13242,32021,photo,photo,photo,
783085703974514689,2501,8926,photo,photo,,
782969140009107456,8297,26422,photo,photo,,
782747134529531904,1569,8163,photo,,,
782722598790725632,6076,18901,photo,,,
782598640137187329,2125,8541,photo,,,
782305867769217024,6283,18256,photo,photo,photo,
782021823840026624,7058,0,photo,,,
781955203444699136,3799,12140,photo,,,
781661882474196992,3056,11431,photo,,,
781655249211752448,1258,4378,,,,
781524693396357120,6244,22721,photo,,,
781308096455073793,2870,7804,,,,
781251288990355457,2372,9253,photo,photo,,
781163403222056960,3073,10686,photo,,,
780931614150983680,8300,23680,photo,,,
780858289093574656,2250,7869,photo,,,
780800785462489090,1464,6038,photo,photo,photo,
780601303617732608,3751,13240,photo,,,
780543529827336192,1960,6898,photo,,,
780496263422808064,4204,0,photo,,,
780476555013349377,133,0,animated_gif,,,
780459368902959104,1199,5781,photo,,,
780192070812196864,2527,9533,photo,,,
780092040432480260,2590,0,,,,
780074436359819264,5639,13413,,,,
779834332596887552,7993,20818,photo,photo,photo,photo
779377524342161408,3515,9657,video,,,
779124354206535695,20758,0,,,,
779123168116150273,4105,12917,photo,,,
779056095788752897,5103,16179,photo,photo,,
778990705243029504,8220,21897,photo,photo,,
778774459159379968,11225,0,,,,
778764940568104960,413,937,,,,
778748913645780993,1506,7546,photo,,,
778650543019483137,1685,6318,photo,photo,photo,
778624900596654080,1139,5081,photo,photo,,
778408200802557953,4894,14888,photo,photo,photo,photo
778396591732486144,13799,0,photo,,,
778383385161035776,1239,6390,photo,,,
778286810187399168,3729,11347,photo,photo,,
778039087836069888,2980,9263,photo,photo,photo,photo
778027034220126208,1832,7173,photo,,,
777953400541634568,3965,0,,,,
777885040357281792,1847,6941,photo,photo,,
777684233540206592,3312,12273,photo,,,
777641927919427584,4807,0,photo,photo,,
777621514455814149,2810,9556,photo,,,
777189768882946048,4867,15617,photo,photo,,
776819012571455488,15439,0,photo,photo,photo,
776813020089548800,1361,5330,photo,photo,,
776477788987613185,3151,9679,photo,photo,,
776249906839351296,10331,0,,,,
776218204058357768,17982,32763,photo,photo,photo,
776201521193218049,2834,10471,photo,,,
776113305656188928,4907,12829,photo,,,
776088319444877312,171,2000,photo,photo,photo,photo
775898661951791106,17408,0,photo,,,
775842724423557120,3021,12771,photo,photo,,
775733305207554048,4503,15129,photo,,,
775729183532220416,5160,14096,photo,,,
775364825476165632,3359,8124,photo,photo,photo,photo
775350846108426240,4407,11081,,,,
775085132600442880,5328,16956,photo,,,
774757898236878852,1985,9305,photo,,,
774639387460112384,1955,7333,photo,photo,,
774314403806253056,6286,23741,photo,photo,photo,photo
773985732834758656,4363,11705,photo,photo,photo,photo
773922284943896577,1944,6969,photo,,,
773704687002451968,1837,7194,photo,photo,,
773670353721753600,1457,5812,photo,,,
773547596996571136,6939,24050,photo,,,
773336787167145985,5740,0,,,,
773308824254029826,8405,25324,photo,,,
773247561583001600,3599,10207,photo,,,
773191612633579521,4615,10892,photo,photo,,
772877495989305348,4371,9361,video,,,
772826264096874500,2608,8689,photo,,,
772615324260794368,3786,0,photo,,,
772581559778025472,1907,7059,photo,photo,photo,
772193107915964416,1559,6548,photo,,,
772152991789019136,1264,4107,photo,photo,,
772117678702071809,821,4083,photo,,,
772114945936949249,527,2948,photo,,,
772102971039580160,1037,4360,photo,,,
771908950375665664,2121,7164,,,,
771770456517009408,3815,13099,photo,,,
771500966810099713,2934,9008,photo,,,
771380798096281600,5740,11495,photo,photo,photo,photo
771171053431250945,8477,0,photo,photo,photo,photo
771136648247640064,3273,10017,photo,,,
771102124360998913,1612,6773,photo,,,
771014301343748096,1857,7501,photo,,,
771004394259247104,247,0,photo,,,
770787852854652928,1371,5403,photo,,,
770772759874076672,1583,5652,photo,,,
770743923962707968,51083,0,,,,
770655142660169732,1962,7981,photo,,,
770414278348247044,2314,6860,photo,,,
770293558247038976,1670,6789,photo,,,
770093767776997377,3416,0,photo,,,
770069151037685760,2583,8244,photo,,,
769940425801170949,10822,34273,photo,photo,,
769695466921623552,1867,6968,photo,,,
769335591808995329,8615,0,,,,
769212283578875904,1921,5882,photo,,,
768970937022709760,7342,15701,video,,,
768909767477751808,3036,0,,,,
768855141948723200,1003,4581,photo,,,
768609597686943744,1351,4484,photo,,,
768596291618299904,1434,5479,photo,,,
768554158521745409,6536,0,,,,
768473857036525572,3842,14816,photo,,,
768193404517830656,3965,11887,photo,,,
767884188863397888,1579,5183,photo,photo,photo,photo
767754930266464257,6048,17467,photo,,,
767500508068192258,2613,8137,photo,,,
767191397493538821,4282,13365,photo,,,
767122157629476866,3194,11014,photo,photo,,
766864461642756096,6345,0,,,,
766793450729734144,1527,5538,photo,,,
766714921925144576,428,2824,,,,
766693177336135680,885,4395,photo,,,
766423258543644672,1779,6547,photo,photo,,
766313316352462849,2112,7360,photo,,,
766078092750233600,2898,0,photo,,,
766069199026450432,977,4657,photo,,,
766008592277377025,557,4062,photo,,,
765719909049503744,2408,7866,photo,,,
765669560888528897,1364,5643,photo,photo,photo,
765395769549590528,3788,28619,photo,,,
765371061932261376,2408,7703,photo,photo,,
765222098633691136,3786,12637,photo,,,
764857477905154048,1972,6968,photo,,,
764259802650378240,1701,6581,photo,photo,,
763956972077010945,61,798,,,,
763837565564780549,4680,13723,photo,,,
763183847194451968,1658,5902,photo,,,
763167063695355904,3386,0,,,,
763103485927849985,2543,7991,photo,photo,,
762699858130116608,4062,13250,photo,,,
762471784394268675,7316,12280,video,,,
762464539388485633,4710,11266,photo,photo,photo,photo
762316489655476224,1262,5251,photo,,,
762035686371364864,17458,34777,video,,,
761976711479193600,2255,5879,photo,photo,photo,photo
761750502866649088,4416,0,photo,,,
761745352076779520,955,4629,photo,,,
761672994376806400,32499,53821,video,,,
761599872357261312,1311,4493,photo,,,
761371037149827077,20002,0,animated_gif,,,
761334018830917632,1615,5678,photo,,,
761292947749015552,1230,4861,photo,,,
761227390836215808,1724,5778,photo,,,
761004547850530816,3859,12242,photo,,,
760893934457552897,1081,4154,photo,,,
760656994973933572,2151,7180,photo,photo,,
760641137271070720,1444,5379,photo,,,
760539183865880579,4048,8237,photo,photo,photo,
760521673607086080,1564,4596,,,,
760290219849637889,12815,29091,video,,,
760252756032651264,965,4273,photo,,,
760190180481531904,2019,6202,photo,,,
760153949710192640,37,0,,,,
759943073749200896,2327,6460,,,,
759923798737051648,6345,15959,photo,,,
759846353224826880,2214,7296,photo,,,
759793422261743616,2128,6486,photo,photo,,
759566828574212096,23659,0,photo,,,
759557299618865152,1311,5103,photo,photo,photo,
759447681597108224,2740,9232,photo,,,
759446261539934208,547,1812,,,,
759197388317847553,2166,6584,photo,photo,photo,
759159934323924993,1308,0,photo,,,
759099523532779520,4681,15771,photo,,,
759047813560868866,2245,7075,photo,photo,,
758854675097526272,995,3848,photo,photo,photo,photo
758828659922702336,4265,12143,photo,,,
758740312047005698,1780,6221,photo,,,
758474966123810816,1102,4142,photo,,,
758467244762497024,2479,5217,video,,,
758405701903519748,2143,5647,photo,photo,photo,photo
758355060040593408,1207,3724,photo,,,
758099635764359168,11225,20859,,,,
758041019896193024,422,2946,photo,,,
757741869644341248,3611,7475,photo,photo,,
757729163776290825,9064,0,photo,photo,,
757725642876129280,1363,4929,photo,photo,,
757611664640446465,1241,4942,photo,photo,photo,
757597904299253760,323,0,photo,,,
757596066325864448,1180,4733,photo,,,
757400162377592832,7586,16437,photo,photo,photo,
757393109802180609,1942,6330,photo,photo,photo,photo
757354760399941633,1585,4906,photo,photo,,
756998049151549440,2213,6796,photo,photo,photo,photo
756939218950160384,2233,7212,photo,,,
756651752796094464,1475,5505,photo,,,
756526248105566208,4046,11300,photo,,,
756303284449767430,1202,4285,photo,,,
756288534030475264,19413,45789,photo,photo,photo,photo
756275833623502848,1702,6985,photo,photo,,
755955933503782912,3203,7949,video,,,
755206590534418437,5991,17845,photo,photo,photo,photo
755110668769038337,12323,22996,video,,,
754874841593970688,8940,0,photo,,,
754856583969079297,2801,7447,photo,photo,photo,
754747087846248448,581,2791,photo,,,
754482103782404096,2161,5747,video,,,
754449512966619136,819,4074,photo,,,
754120377874386944,2594,8496,photo,,,
754011816964026368,4008,9541,photo,photo,,
753655901052166144,2427,6334,photo,,,
753420520834629632,3977,8578,video,,,
753398408988139520,2132,6274,video,,,
753375668877008896,2590,8251,photo,,,
753298634498793472,6432,0,,,,
753294487569522689,1157,3693,photo,,,
753039830821511168,23323,40245,,,,
753026973505581056,1083,4216,photo,photo,photo,photo
752932432744185856,7586,13698,,,,
752917284578922496,1745,7443,photo,,,
752701944171524096,3206,0,,,,
752682090207055872,1788,6524,photo,photo,,
752660715232722944,1748,4784,photo,photo,,
752568224206688256,2541,6017,,,,
752519690950500352,3819,7984,photo,photo,photo,
752334515931054080,1229,4140,video,,,
752309394570878976,18541,0,video,,,
752173152931807232,2052,6447,photo,photo,,
751950017322246144,1035,3345,,,,
751937170840121344,1491,5659,photo,,,
751830394383790080,2168,6288,photo,photo,photo,
751793661361422336,3246,6354,,,,
751598357617971201,3358,8546,photo,photo,photo,photo
751583847268179968,1239,4783,photo,,,
751538714308972544,1405,5448,photo,photo,photo,
751456908746354688,1099,3468,video,,,
751251247299190784,6529,13549,video,,,
751205363882532864,2032,6822,photo,photo,,
751132876104687617,1446,5512,photo,photo,,
750868782890057730,1546,5193,photo,photo,photo,photo
750719632563142656,5601,14309,photo,,,
750506206503038976,1277,4822,photo,,,
750429297815552001,4807,14276,photo,photo,,
750383411068534784,1268,4912,photo,,,
750381685133418496,35,745,,,,
750147208377409536,1071,3343,photo,,,
750132105863102464,1402,3923,photo,,,
750117059602808832,1437,4665,photo,photo,photo,photo
750101899009982464,934,3296,photo,photo,,
750086836815486976,604,2346,photo,,,
750071704093859840,3712,8481,photo,photo,photo,
750056684286914561,986,3381,photo,,,
750041628174217216,686,3433,photo,,,
750026558547456000,873,2934,photo,,,
750011400160841729,1008,3507,photo,,,
749996283729883136,891,3272,photo,,,
749981277374128128,2716,5523,photo,,,
749774190421639168,1456,5024,photo,,,
749417653287129088,1855,6601,photo,photo,photo,photo
749403093750648834,607,2833,photo,,,
749395845976588288,3844,9303,photo,photo,,
749317047558017024,2455,5936,video,,,
749075273010798592,2298,6237,,,,
749064354620928000,1678,5184,photo,photo,,
749036806121881602,866,3351,photo,,,
748977405889503236,3788,11609,photo,,,
748932637671223296,2496,6327,photo,,,
748705597323898880,1044,2988,video,,,
748699167502000129,1769,5115,photo,photo,,
748692773788876800,1472,4580,photo,,,
748575535303884801,2207,6558,photo,,,
748568946752774144,748,2363,video,,,
748346686624440324,1373,5633,photo,,,
748337862848962560,4575,8294,,,,
748324050481647620,846,4001,photo,photo,,
748307329658011649,793,3964,photo,photo,,
748220828303695873,8628,15248,,,,
747963614829678593,2389,6258,photo,,,
747933425676525569,2829,7159,photo,photo,photo,
747885874273214464,1093,3181,photo,photo,,
747844099428986880,824,3028,photo,,,
747816857231626240,1285,5236,photo,,,
747651430853525504,174,1489,,,,
747648653817413632,6459,13920,,,,
747600769478692864,603,2502,photo,photo,,
747594051852075008,1173,3971,photo,,,
747512671126323200,1751,5998,photo,,,
747461612269887489,1146,4175,photo,,,
747439450712596480,2135,5865,,,,
747242308580548608,3184,0,,,,
747219827526344708,1740,5692,photo,photo,,
747204161125646336,1013,3656,photo,photo,,
747103485104099331,4430,10346,photo,photo,photo,photo
746906459439529985,328,3113,photo,,,
746872823977771008,2371,6450,photo,photo,,
746818907684614144,1898,5702,photo,,,
746790600704425984,1766,5247,photo,photo,photo,
746757706116112384,4306,10287,,,,
746726898085036033,1980,6504,photo,,,
746542875601690625,2056,5425,,,,
746521445350707200,1085,0,,,,
746507379341139972,1196,5006,photo,photo,,
746369468511756288,1815,6509,photo,,,
746131877086527488,2439,7420,photo,,,
746056683365994496,909,3821,photo,photo,,
745789745784041472,1175,4352,photo,,,
745712589599014916,2570,7513,photo,,,
745433870967832576,2806,7658,photo,photo,photo,
745422732645535745,2699,9232,photo,,,
745314880350101504,3065,7706,photo,photo,photo,photo
745074613265149952,3877,8430,,,,
745057283344719872,2527,7789,photo,photo,,
744995568523612160,693,3218,photo,photo,,
744971049620602880,2963,8475,photo,photo,photo,
744709971296780288,1716,6024,photo,,,
744334592493166593,2367,7265,photo,,,
744234799360020481,77625,128602,video,,,
744223424764059648,413,1827,,,,
743980027717509120,1202,4468,photo,,,
743895849529389061,1054,3924,photo,,,
743835915802583040,2313,0,,,,
743609206067040256,1518,4821,photo,photo,photo,
743595368194129920,7252,19872,photo,,,
743545585370791937,1038,3789,photo,photo,photo,
743510151680958465,4071,8494,video,,,
743253157753532416,1332,4540,photo,,,
743222593470234624,2105,6661,photo,,,
743210557239623680,1507,4125,photo,,,
742534281772302336,3915,7578,,,,
742528092657332225,2191,4782,photo,photo,,
742465774154047488,4273,7791,photo,photo,,
742423170473463808,4204,10596,photo,,,
742385895052087300,2197,7309,photo,,,
742161199639494656,1511,4667,photo,,,
742150209887731712,1725,5538,photo,,,
741793263812808706,1662,4890,photo,photo,,
741743634094141440,3047,8773,photo,photo,photo,
741438259667034112,919,3943,photo,,,
741303864243200000,3559,9433,photo,,,
741099773336379392,6089,10774,,,,
741067306818797568,3416,10144,photo,,,
740995100998766593,3055,6880,photo,,,
740711788199743490,1031,3666,photo,,,
740699697422163968,860,3048,photo,,,
740676976021798912,7506,19492,photo,,,
740373189193256964,14673,37246,photo,photo,photo,photo
740365076218183684,481,2665,photo,,,
740359016048689152,942,3549,photo,,,
740214038584557568,2168,7186,photo,,,
739979191639244800,6536,21430,photo,,,
739932936087216128,1184,4358,photo,,,
739844404073074688,934,4068,photo,,,
739623569819336705,1503,4093,,,,
739606147276148736,1826,5789,photo,photo,photo,
739544079319588864,23660,42754,photo,,,
739485634323156992,3237,7743,photo,photo,,
739238157791694849,51083,73587,video,,,
738891149612572673,6,115,,,,
738885046782832640,1251,4046,photo,,,
738883359779196928,893,3591,photo,photo,,
738537504001953792,1720,5470,photo,photo,,
738402415918125056,935,3518,photo,,,
738184450748633089,1331,4636,photo,,,
738166403467907072,3745,9441,photo,photo,photo,photo
738156290900254721,727,2710,photo,,,
737826014890496000,1954,5648,photo,photo,,
737800304142471168,3811,10723,photo,,,
737678689543020544,1469,5415,photo,,,
737445876994609152,4918,11078,photo,,,
737322739594330112,884,3874,photo,,,
737310737551491075,8151,15748,video,,,
736736130620620800,1921,4633,photo,,,
736392552031657984,8190,19064,,,,
736365877722001409,1371,4293,photo,photo,photo,photo
736225175608430592,3041,8722,photo,,,
736010884653420544,3267,8484,photo,photo,,
735991953473572864,1264,3865,photo,photo,photo,
735648611367784448,1201,4310,photo,,,
735635087207878657,2595,6646,photo,photo,,
735274964362878976,5594,13957,photo,photo,,
735256018284875776,969,3598,photo,,,
735137028879360001,1062,3355,photo,,,
734912297295085568,564,2931,photo,,,
734787690684657664,6926,13474,photo,photo,photo,photo
734776360183431168,593,2687,photo,,,
734559631394082816,434,1608,,,,
733828123016450049,854,3856,photo,photo,,
733822306246479872,1107,3938,photo,,,
733482008106668032,1042,3368,photo,,,
733460102733135873,1409,4512,photo,,,
733109485275860992,17408,45549,photo,,,
732732193018155009,588,2612,photo,,,
732726085725589504,969,3787,photo,,,
732585889486888962,849,3950,photo,photo,,
732375214819057664,2761,8658,photo,,,
732005617171337216,6000,16002,photo,photo,,
731285275100512256,1075,3733,photo,,,
731156023742988288,1392,4109,photo,,,
730924654643314689,2174,6567,photo,,,
730573383004487680,2373,5276,photo,photo,photo,
730427201120833536,1146,3716,photo,,,
730211855403241472,1150,4100,photo,,,
730196704625098752,2117,5237,photo,,,
729854734790754305,1224,4312,photo,,,
729838605770891264,418,1824,video,,,
729823566028484608,1363,4273,photo,,,
729463711119904772,2524,6220,photo,,,
729113531270991872,361,2021,photo,photo,,
728986383096946689,893,3395,photo,photo,,
728760639972315136,1859,4996,photo,photo,,
728751179681943552,741,2992,photo,,,
728653952833728512,1140,3547,photo,photo,photo,
728409960103686147,2208,5278,photo,,,
728387165835677696,1046,3933,photo,,,
728046963732717569,1289,4624,photo,,,
728035342121635841,1836,4863,photo,photo,,
728015554473250816,1198,4397,photo,,,
727685679342333952,698,3138,photo,,,
727644517743104000,1916,6319,photo,photo,,
727524757080539137,1342,4788,photo,photo,,
727314416056803329,819,3551,photo,photo,photo,
727286334147182592,900,3244,photo,,,
727175381690781696,1498,4138,photo,photo,,
727155742655025152,1454,3895,,,,
726935089318363137,2682,7358,photo,photo,photo,photo
726887082820554753,1647,4108,photo,,,
726828223124897792,1100,3799,photo,,,
726224900189511680,1270,4718,photo,,,
725842289046749185,2898,7543,photo,,,
725786712245440512,1489,4453,photo,,,
725729321944506368,1949,5542,photo,,,
725458796924002305,681,1512,,,,
724983749226668032,1432,3958,photo,,,
724771698126512129,701,2537,photo,photo,photo,photo
724405726123311104,1806,5677,photo,,,
724049859469295616,1938,4642,photo,,,
724046343203856385,608,2849,photo,,,
724004602748780546,1736,4478,photo,photo,photo,
723912936180330496,1343,4148,photo,,,
723688335806480385,3266,8261,photo,photo,,
723673163800948736,978,3232,photo,,,
723179728551723008,2056,5671,photo,,,
722974582966214656,1720,4394,photo,,,
722613351520608256,1792,5295,photo,,,
721503162398597120,2059,4987,photo,photo,photo,photo
721001180231503872,672,2694,photo,,,
720785406564900865,844,3329,photo,,,
720775346191278080,743,2646,photo,,,
720415127506415616,1637,4407,photo,photo,photo,
720389942216527872,2765,6855,photo,,,
720340705894408192,1069,3064,photo,,,
720059472081784833,1240,4157,photo,,,
720043174954147842,2195,5236,photo,,,
719991154352222208,1922,5171,photo,photo,,
719704490224398336,1588,4877,photo,,,
719551379208073216,2120,5404,photo,,,
719367763014393856,808,2979,photo,,,
719339463458033665,1368,4713,photo,,,
719332531645071360,1044,3648,photo,,,
718971898235854848,1205,3731,photo,,,
718939241951195136,1921,5605,photo,,,
718631497683582976,8864,20265,photo,,,
718613305783398402,528,2617,photo,,,
718540630683709445,1108,2663,photo,photo,,
718460005985447936,583,2889,photo,,,
718454725339934721,1644,5210,photo,,,
718246886998687744,549,2055,photo,,,
718234618122661888,1095,4131,photo,,,
717841801130979328,652,2618,photo,,,
717790033953034240,1237,3103,photo,,,
717537687239008257,2016,6160,photo,,,
717428917016076293,498,1710,,,,
717421804990701568,924,3372,photo,photo,,
717047459982213120,2087,6698,photo,,,
717009362452090881,1074,3493,photo,,,
716802964044845056,1282,4555,photo,photo,,
716791146589110272,1518,5906,photo,,,
716730379797970944,461,1309,,,,
716447146686459905,6436,14032,,,,
716439118184652801,241,2525,photo,,,
716285507865542656,1194,2970,photo,photo,,
716080869887381504,1911,5223,photo,photo,,
715928423106027520,961,3424,photo,,,
715758151270801409,1562,3992,,,,
715733265223708672,1857,4984,photo,,,
715704790270025728,619,2995,,,,
715696743237730304,1415,4178,photo,,,
715680795826982913,1777,4621,photo,photo,photo,
715360349751484417,1720,5844,photo,,,
715342466308784130,750,3228,photo,photo,,
715220193576927233,719,2572,photo,,,
715200624753819648,2062,5475,photo,,,
715009755312439296,1358,4460,photo,,,
714982300363173890,1132,4011,photo,,,
714962719905021952,4688,7864,,,,
714957620017307648,1552,4421,photo,,,
714631576617938945,1095,3495,photo,,,
714606013974974464,1019,3870,photo,,,
714485234495041536,1275,2899,,,,
714258258790387713,788,3213,photo,,,
714251586676113411,918,3496,photo,photo,,
714214115368108032,963,2428,photo,,,
714141408463036416,1534,4594,photo,,,
713919462244790272,851,3495,photo,,,
713909862279876608,599,2040,,,,
713900603437621249,814,3017,photo,,,
713761197720473600,1505,5206,photo,photo,,
713411074226274305,1411,4712,photo,,,
713177543487135744,3107,7702,photo,,,
713175907180089344,1595,4763,photo,,,
712809025985978368,7389,19925,photo,,,
712717840512598017,5463,13225,photo,,,
712668654853337088,1331,4444,photo,photo,photo,
712438159032893441,1709,5686,photo,,,
712309440758808576,25,262,,,,
712097430750289920,1141,4066,photo,,,
712092745624633345,992,3150,photo,,,
712085617388212225,535,3456,photo,photo,photo,
712065007010385924,689,2418,photo,,,
711998809858043904,137,0,animated_gif,,,
711968124745228288,2531,8609,photo,,,
711743778164514816,1078,3040,photo,,,
711732680602345472,4525,9531,photo,photo,photo,
711694788429553666,20002,35159,animated_gif,,,
711652651650457602,1009,4144,photo,,,
711363825979756544,1253,3918,photo,photo,,
711306686208872448,800,3536,photo,photo,,
711008018775851008,687,3207,photo,,,
710997087345876993,1529,4868,photo,,,
710844581445812225,752,2727,photo,,,
710833117892898816,589,2881,photo,,,
710658690886586372,619,2467,photo,,,
710609963652087808,2571,5134,,,,
710588934686908417,2055,4881,photo,photo,photo,photo
710296729921429505,806,2530,,,,
710283270106132480,567,2275,photo,photo,,
710272297844797440,1379,4843,photo,,,
710269109699739648,1233,2570,photo,,,
710153181850935296,973,3103,photo,photo,,
710140971284037632,980,2958,photo,,,
710117014656950272,2186,5886,photo,photo,,
709918798883774466,1178,3191,photo,photo,,
709901256215666688,109,718,photo,photo,photo,photo
709852847387627521,1308,3751,photo,photo,photo,photo
709566166965075968,1327,3777,photo,,,
709556954897764353,1166,3514,photo,photo,photo,
709519240576036864,263,1592,photo,,,
709449600415961088,648,2380,photo,photo,,
709409458133323776,764,2804,photo,,,
709225125749587968,628,2562,photo,,,
709207347839836162,6406,13488,photo,,,
709198395643068416,704,2580,photo,,,
709179584944730112,740,2154,,,,
709158332880297985,454,2191,photo,,,
709042156699303936,1806,5106,photo,,,
708853462201716736,720,1913,,,,
708845821941387268,984,3174,photo,photo,,
708834316713893888,551,1823,photo,,,
708810915978854401,7636,17682,photo,photo,photo,
708738143638450176,892,2932,photo,,,
708711088997666817,802,2727,photo,photo,,
708479650088034305,745,2723,photo,,,
708469915515297792,898,3295,photo,,,
708400866336894977,11078,17160,,,,
708356463048204288,1484,3863,photo,photo,,
708349470027751425,809,2520,photo,,,
708149363256774660,1691,4572,photo,,,
708130923141795840,920,3631,photo,,,
708119489313951744,1070,2876,photo,,,
708109389455101952,592,2075,photo,,,
708026248782585858,2110,4678,video,,,
707995814724026368,1228,3322,photo,,,
707983188426153984,2,51,,,,
707969809498152960,1065,2886,photo,,,
707776935007539200,1041,3515,photo,,,
707741517457260545,672,2666,photo,,,
707738799544082433,2712,4394,,,,
707693576495472641,1096,3670,photo,,,
707629649552134146,965,2767,,,,
707610948723478529,7058,18188,photo,,,
707420581654872064,769,2443,photo,,,
707411934438625280,655,2437,photo,,,
707387676719185920,1437,3760,photo,,,
707377100785885184,1181,3525,photo,photo,,
707315916783140866,705,2648,photo,photo,,
707297311098011648,881,2954,photo,photo,,
707059547140169728,742,2755,photo,photo,,
707038192327901184,881,2357,photo,photo,,
707021089608753152,1509,4346,photo,photo,,
707014260413456384,649,2462,photo,,,
706904523814649856,8615,15620,,,,
706901761596989440,662,2218,photo,,,
706681918348251136,1063,3555,photo,photo,photo,
706644897839910912,1202,2762,video,,,
706593038911545345,692,2310,photo,,,
706538006853918722,1543,3706,photo,,,
706516534877929472,1132,3322,photo,,,
706346369204748288,1009,3693,photo,photo,,
706310011488698368,8784,23002,photo,photo,,
706291001778950144,511,1820,photo,photo,,
706265994973601792,1005,2920,photo,,,
706169069255446529,2443,4204,,,,
706166467411222528,1767,5516,photo,,,
706153300320784384,421,1598,,,,
705975130514706432,812,3326,photo,photo,,
705970349788291072,978,3369,photo,,,
705898680587526145,623,2541,photo,photo,,
705786532653883392,584,2092,photo,,,
705591895322394625,1272,3398,photo,,,
705475953783398401,1014,3175,photo,photo,,
705442520700944385,1816,4777,photo,,,
705428427625635840,1868,4094,photo,,,
705239209544720384,823,3215,photo,,,
705223444686888960,882,2766,photo,,,
705102439679201280,566,2306,photo,,,
705066031337840642,664,2328,photo,,,
704871453724954624,1220,4530,photo,,,
704859558691414016,601,2420,photo,,,
704847917308362754,1688,5485,photo,,,
704819833553219584,1107,2838,photo,,,
704761120771465216,3184,7130,photo,photo,,
704499785726889984,1095,3152,photo,,,
704491224099647488,94,820,,,,
704480331685040129,1162,3649,photo,,,
704364645503647744,3902,8630,photo,photo,,
704347321748819968,386,1698,photo,,,
704134088924532736,509,1623,,,,
704113298707505153,617,1989,photo,photo,,
704054845121142784,1004,3139,photo,,,
703774238772166656,512,1980,photo,,,
703769065844768768,1247,3535,photo,photo,,
703631701117943808,759,2785,photo,photo,photo,photo
703611486317502464,1669,4143,photo,,,
703425003149250560,1520,4085,photo,,,
703407252292673536,763,2643,photo,,,
703382836347330562,1255,3763,photo,photo,,
703356393781329922,424,2046,photo,,,
703268521220972544,610,2110,photo,,,
703079050210877440,3393,7929,photo,photo,,
703041949650034688,13799,28406,photo,,,
702932127499816960,797,2781,photo,,,
702899151802126337,495,1734,,,,
702684942141153280,1183,3455,photo,,,
702671118226825216,617,2349,photo,,,
702598099714314240,3614,11107,photo,,,
702539513671897089,1057,3078,photo,photo,photo,
702332542343577600,1707,3434,,,,
702321140488925184,1134,3535,photo,photo,photo,photo
702276748847800320,837,2655,photo,,,
702217446468493312,1474,5167,photo,,,
701981390485725185,1085,3691,photo,,,
701952816642965504,1118,4099,photo,,,
701889187134500865,1515,3829,photo,,,
701805642395348998,1860,3681,,,,
701601587219795968,507,2241,photo,,,
701570477911896070,1028,3022,photo,photo,,
701545186879471618,665,2842,photo,,,
701214700881756160,5653,13170,photo,,,
700890391244103680,632,2389,photo,,,
700864154249383937,671,2781,photo,,,
700847567345688576,546,2608,photo,,,
700796979434098688,1049,2617,photo,,,
700747788515020802,10331,24577,photo,,,
700518061187723268,877,2826,photo,,,
700505138482569216,627,2445,photo,photo,photo,photo
700462010979500032,1977,4455,photo,,,
700167517596164096,820,2846,photo,,,
700151421916807169,730,2408,photo,,,
700143752053182464,3036,8107,photo,,,
700062718104104960,761,2837,photo,,,
700029284593901568,638,2220,photo,,,
700002074055016451,1481,3550,photo,,,
699801817392291840,1064,3275,photo,photo,photo,photo
699788877217865730,543,2415,photo,,,
699779630832685056,1364,2978,photo,photo,,
699775878809702401,670,2102,photo,,,
699691744225525762,5050,11019,photo,,,
699446877801091073,2872,6375,photo,photo,photo,
699434518667751424,560,2330,photo,,,
699423671849451520,365,1472,photo,,,
699413908797464576,678,2215,photo,,,
699370870310113280,482,2016,photo,,,
699323444782047232,955,3392,photo,,,
699088579889332224,693,2399,photo,,,
699079609774645248,719,2627,photo,photo,photo,photo
699072405256409088,1301,3230,video,,,
699060279947165696,1997,4061,,,,
699036661657767936,1313,2805,photo,,,
698989035503689728,1083,3636,photo,,,
698953797952008193,989,2907,photo,,,
698907974262222848,680,2727,photo,photo,photo,
698710712454139905,753,2658,photo,,,
698703483621523456,415,1561,photo,,,
698635131305795584,374,1377,video,,,
698549713696649216,683,2489,photo,,,
698355670425473025,495,2006,photo,,,
698342080612007937,1044,2433,video,,,
698262614669991936,2215,5099,photo,,,
698195409219559425,6569,18024,photo,,,
698178924120031232,811,3018,photo,,,
697995514407682048,364,1635,photo,,,
697990423684476929,1422,3531,photo,photo,photo,
697943111201378304,757,2578,photo,,,
697881462549430272,1303,3243,photo,,,
697630435728322560,594,1871,,,,
697616773278015490,1114,3391,photo,photo,,
697596423848730625,1383,3251,photo,,,
697575480820686848,555,2197,photo,,,
697516214579523584,1248,2228,,,,
697482927769255936,745,2601,photo,,,
697463031882764288,1513,3667,photo,,,
697270446429966336,2042,5015,photo,,,
697259378236399616,1098,3536,photo,,,
697255105972801536,1276,3248,photo,,,
697242256848379904,734,2702,photo,,,
696900204696625153,1126,3437,photo,,,
696894894812565505,740,2526,photo,,,
696886256886657024,1970,5188,photo,,,
696877980375769088,782,2628,photo,,,
696754882863349760,389,1580,photo,,,
696744641916489729,1046,2234,,,,
696713835009417216,722,2552,photo,,,
696518437233913856,1852,4193,,,,
696490539101908992,164,1313,,,,
696488710901260288,1137,2732,photo,,,
696405997980676096,1251,3453,photo,,,
696100768806522880,728,2082,,,,
695816827381944320,1283,3221,photo,,,
695794761660297217,856,3417,photo,,,
695767669421768709,820,2009,photo,,,
695629776980148225,2326,4916,photo,photo,,
695446424020918272,1987,4672,photo,,,
695409464418041856,3920,9246,photo,,,
695314793360662529,1628,3919,photo,photo,photo,photo
695095422348574720,674,2827,photo,,,
695074328191332352,1211,3055,photo,,,
695064344191721472,661,1725,video,,,
695051054296211456,866,2865,photo,photo,,
694925794720792577,1010,2901,,,,
694905863685980160,1031,2973,photo,,,
694669722378485760,15896,38277,photo,photo,,
694356675654983680,317,1620,photo,,,
694352839993344000,683,2189,photo,photo,photo,photo
694342028726001664,534,1688,,,,
694329668942569472,550,2159,photo,,,
694206574471057408,2246,4501,photo,,,
694183373896572928,1020,3163,photo,photo,,
694001791655137281,1140,3634,photo,photo,,
693993230313091072,445,2010,,,,
693942351086120961,406,1854,photo,,,
693647888581312512,652,2899,photo,,,
693644216740769793,142,1443,,,,
693642232151285760,457,2732,photo,,,
693629975228977152,880,2632,photo,photo,,
693622659251335168,407,1655,photo,,,
693590843962331137,2162,5450,photo,,,
693582294167244802,283,1768,,,,
693486665285931008,686,1903,video,,,
693280720173801472,1364,3603,photo,,,
693267061318012928,900,2557,,,,
693262851218264065,551,2394,photo,,,
693231807727280129,810,3071,photo,,,
693155686491000832,3530,8486,photo,photo,photo,photo
693109034023534592,672,1846,video,,,
693095443459342336,508,2013,photo,,,
692919143163629568,818,2864,photo,,,
692905862751522816,970,2620,photo,,,
692901601640583168,664,1928,photo,,,
692894228850999298,885,2449,photo,,,
692828166163931137,965,3089,photo,,,
692752401762250755,4010,7344,animated_gif,,,
692568918515392513,1687,4651,photo,photo,photo,
692535307825213440,1492,3434,photo,,,
692530551048294401,461,1983,photo,,,
692423280028966913,254,1586,,,,
692417313023332352,3818,10070,photo,,,
692187005137076224,904,2705,photo,photo,photo,
692158366030913536,880,2311,photo,,,
692142790915014657,430,1760,photo,photo,photo,photo
692041934689402880,1396,3644,,,,
692017291282812928,1055,3081,photo,,,
691820333922455552,1810,4240,photo,,,
691793053716221953,4623,8748,,,,
691756958957883396,1130,3112,photo,,,
691675652215414786,562,2078,photo,,,
691483041324204033,632,2550,photo,photo,photo,photo
691459709405118465,1263,4357,photo,photo,,
691444869282295808,935,2843,photo,photo,,
691416866452082688,8426,20827,photo,,,
691321916024623104,728,2777,photo,,,
691096613310316544,985,3189,photo,,,
691090071332753408,375,1834,photo,,,
690989312272396288,3166,6365,,,,
690959652130045952,1385,3841,photo,photo,photo,photo
690938899477221376,2198,4448,photo,,,
690932576555528194,1119,3528,photo,,,
690735892932222976,1412,4044,photo,photo,,
690728923253055490,574,2328,photo,,,
690690673629138944,871,2490,photo,,,
690649993829576704,310,1406,photo,,,
690607260360429569,19,312,,,,
690597161306841088,661,2108,photo,,,
690400367696297985,497,2001,photo,,,
690374419777196032,952,3488,photo,,,
690360449368465409,979,2859,photo,,,
690348396616552449,559,1613,,,,
690248561355657216,455,1806,photo,,,
690021994562220032,1142,2996,photo,,,
690015576308211712,812,2687,photo,photo,,
690005060500217858,1861,3925,photo,,,
689999384604450816,414,1529,photo,,,
689993469801164801,506,1575,,,,
689977555533848577,490,1464,photo,,,
689905486972461056,766,2603,photo,photo,photo,photo
689877686181715968,1307,3237,photo,,,
689835978131935233,832,2319,photo,,,
689661964914655233,1017,3432,photo,,,
689659372465688576,4297,11191,photo,,,
689623661272240129,719,2405,photo,photo,,
689599056876867584,6088,12516,photo,,,
689557536375177216,509,2212,photo,,,
689517482558820352,1573,3646,photo,photo,photo,
689289219123089408,1023,2421,video,,,
689283819090870273,1219,3536,photo,,,
689280876073582592,792,2148,photo,photo,photo,photo
689275259254616065,272,1245,photo,,,
689255633275777024,1185,2760,,,,
689154315265683456,1105,3291,photo,,,
689143371370250240,571,2184,photo,,,
688916208532455424,960,2932,photo,photo,,
688908934925697024,852,2272,photo,,,
688898160958271489,870,2260,photo,photo,,
688894073864884227,773,2400,photo,,,
688828561667567616,408,1476,photo,,,
688804835492233216,217,1027,photo,photo,photo,
688789766343622656,730,2379,photo,,,
688547210804498433,771,2800,photo,,,
688519176466644993,803,2472,photo,,,
688385280030670848,4911,9999,photo,photo,photo,photo
688211956440801280,924,2384,video,,,
688179443353796608,647,2271,photo,,,
688116655151435777,866,3029,photo,,,
688064179421470721,397,1839,photo,,,
687841446767013888,2797,5884,,,,
687826841265172480,1255,2928,photo,photo,photo,photo
687818504314159109,1059,2696,photo,,,
687807801670897665,771,2568,photo,,,
687732144991551489,727,1890,,,,
687704180304273409,933,2616,photo,,,
687664829264453632,567,2083,photo,,,
687494652870668288,636,2057,photo,,,
687480748861947905,275,1718,photo,,,
687476254459715584,595,2126,photo,,,
687460506001633280,597,2194,photo,,,
687399393394311168,689,2035,,,,
687317306314240000,10119,21638,photo,photo,,
687312378585812992,2097,4676,photo,,,
687127927494963200,2524,5878,photo,,,
687124485711986689,557,2324,photo,,,
687109925361856513,2729,6238,photo,photo,photo,
687102708889812993,1094,2512,photo,,,
687096057537363968,674,2405,photo,,,
686947101016735744,3497,9256,photo,,,
686760001961103360,1517,3773,,,,
686749460672679938,1619,3742,photo,,,
686730991906516992,1319,4461,photo,,,
686683045143953408,885,3012,photo,,,
686618349602762752,1502,3954,photo,,,
686606069955735556,595,2028,photo,,,
686394059078897668,755,1891,,,,
686386521809772549,977,3486,photo,,,
686377065986265092,623,2382,photo,,,
686358356425093120,753,2359,photo,,,
686286779679375361,1843,4300,,,,
686050296934563840,814,2368,photo,,,
686035780142297088,134,1246,,,,
686034024800862208,1297,3351,photo,,,
686007916130873345,462,2652,photo,,,
686003207160610816,707,1958,photo,,,
685973236358713344,590,2267,photo,,,
685943807276412928,678,1762,video,,,
685906723014619143,3214,8095,photo,photo,,
685681090388975616,140,2181,,,,
685667379192414208,638,2514,photo,,,
685663452032069632,1612,3488,video,,,
685641971164143616,856,3150,photo,,,
685547936038666240,17315,35464,photo,photo,,
685532292383666176,1274,3267,photo,,,
685325112850124800,4416,10226,photo,,,
685321586178670592,714,2851,photo,,,
685315239903100929,1192,3597,photo,photo,,
685307451701334016,486,2216,photo,,,
685268753634967552,1336,3340,photo,,,
685198997565345792,737,2500,photo,,,
685169283572338688,1579,4402,photo,,,
684969860808454144,423,2468,,,,
684959798585110529,3452,7166,photo,,,
684940049151070208,1156,3453,photo,photo,,
684926975086034944,528,3770,photo,,,
684914660081053696,1614,3763,photo,,,
684902183876321280,590,2014,photo,,,
684880619965411328,914,2256,photo,,,
684830982659280897,23841,37759,,,,
684800227459624960,1091,2915,photo,,,
684594889858887680,3910,9628,photo,,,
684588130326986752,1555,4426,,,,
684567543613382656,1371,3236,photo,,,
684538444857667585,1063,2853,video,,,
684481074559381504,1293,4152,photo,,,
684460069371654144,614,2123,photo,,,
684241637099323392,3639,8782,photo,photo,photo,
684225744407494656,234,1335,photo,photo,,
684222868335505415,1529,4134,photo,,,
684200372118904832,1138,2335,photo,,,
684195085588783105,577,2061,photo,,,
684188786104872960,1302,3740,photo,,,
684177701129875456,743,2170,photo,,,
684147889187209216,1654,3201,,,,
684122891630342144,526,2136,photo,,,
684097758874210310,1585,4421,photo,,,
683857920510050305,1229,4075,photo,,,
683852578183077888,388,2065,photo,,,
683849932751646720,1083,2820,photo,,,
683834909291606017,1225,2819,video,,,
683828599284170753,1162,2994,photo,,,
683773439333797890,1489,3604,photo,,,
683742671509258241,3679,7010,photo,,,
683515932363329536,3206,7901,,,,
683498322573824003,1058,3398,photo,,,
683481228088049664,1090,2821,photo,,,
683462770029932544,742,2617,photo,,,
683449695444799489,1775,4186,photo,,,
683391852557561860,2632,8175,photo,,,
683357973142474752,1037,3163,photo,,,
683142553609318400,1151,3093,photo,,,
683111407806746624,1010,3653,photo,,,
683098815881154561,717,2322,photo,,,
683078886620553216,617,2130,photo,,,
683030066213818368,808,2316,photo,,,
682962037429899265,18478,39862,photo,,,
682808988178739200,205,1906,,,,
682788441537560576,1234,2652,photo,,,
682750546109968385,479,1631,photo,,,
682697186228989953,394,1410,photo,,,
682662431982772225,1181,3266,photo,,,
682638830361513985,661,2206,photo,photo,photo,photo
682429480204398592,1281,3683,photo,,,
682406705142087680,1952,8148,photo,,,
682393905736888321,753,2388,photo,,,
682389078323662849,512,1789,photo,,,
682303737705140231,1102,3303,photo,,,
682259524040966145,1351,4478,photo,,,
682242692827447297,1303,3490,photo,,,
682088079302213632,10955,19704,,,,
682059653698686977,1873,5321,photo,photo,,
682047327939461121,1063,3447,photo,,,
682032003584274432,2231,7069,photo,,,
682003177596559360,1678,3378,photo,,,
681981167097122816,1134,2964,photo,,,
681891461017812993,923,2646,photo,,,
681694085539872773,4454,13739,photo,,,
681679526984871937,490,1882,photo,,,
681654059175129088,1026,2838,photo,,,
681610798867845120,520,2053,photo,,,
681579835668455424,1450,3807,photo,,,
681523177663676416,6432,15392,photo,,,
681340665377193984,306,1763,,,,
681339448655802368,4485,9981,photo,,,
681320187870711809,842,2854,photo,,,
681302363064414209,2023,4240,photo,,,
681297372102656000,1061,3415,photo,,,
681281657291280384,1215,3445,photo,,,
681261549936340994,300,1558,photo,,,
681242418453299201,605,1606,photo,,,
681231109724700672,531,2564,photo,,,
681193455364796417,1641,3983,photo,photo,,
680970795137544192,727,2601,photo,,,
680959110691590145,2197,4885,photo,photo,photo,
680940246314430465,1170,3460,photo,,,
680934982542561280,486,2229,photo,,,
680913438424612864,683,2557,photo,,,
680889648562991104,405,1894,photo,,,
680836378243002368,1480,3689,photo,photo,photo,
680805554198020098,733,2320,,,,
680801747103793152,910,2542,photo,,,
680798457301471234,1152,3063,photo,,,
680609293079592961,791,2822,photo,,,
680583894916304897,1477,3863,photo,photo,photo,photo
680497766108381184,2115,4539,photo,,,
680494726643068929,531,1838,photo,,,
680473011644985345,824,2712,photo,,,
680440374763077632,553,1550,video,,,
680221482581123072,320,1562,photo,,,
680206703334408192,1294,3039,photo,,,
680191257256136705,564,2295,photo,,,
680176173301628928,1724,4179,photo,,,
680161097740095489,807,2475,photo,,,
680145970311643136,1918,3876,photo,photo,photo,
680130881361686529,1045,2460,photo,,,
680115823365742593,1006,2902,photo,,,
680100725817409536,1511,3812,photo,,,
680085611152338944,9795,13689,photo,photo,photo,
680070545539371008,964,2753,photo,,,
680055455951884288,7860,17911,photo,,,
679877062409191424,706,2105,photo,,,
679872969355714560,728,2317,,,,
679862121895714818,685,2631,photo,,,
679854723806179328,1357,3073,photo,,,
679844490799091713,861,2538,photo,,,
679828447187857408,15439,38872,photo,photo,photo,
679777920601223168,1240,3306,photo,,,
679736210798047232,883,2247,photo,,,
679729593985699840,909,2313,photo,,,
679722016581222400,521,1772,photo,,,
679530280114372609,2285,5099,photo,,,
679527802031484928,803,2840,photo,,,
679511351870550016,1422,3612,photo,,,
679503373272485890,1633,3394,photo,,,
679475951516934144,704,2250,photo,,,
679462823135686656,20758,34088,photo,,,
679405845277462528,1333,2544,,,,
679158373988876288,8940,23043,photo,,,
679148763231985668,1134,2964,photo,,,
679132435750195208,1279,3176,photo,,,
679111216690831360,2824,6393,video,,,
679062614270468097,9064,18328,photo,photo,,
679047485189439488,754,2412,photo,,,
679001094530465792,1356,3019,,,,
678991772295516161,1290,2490,photo,,,
678969228704284672,510,1753,photo,,,
678800283649069056,992,2747,photo,,,
678798276842360832,1307,3729,photo,,,
678774928607469569,1016,2972,photo,,,
678767140346941444,1511,3771,photo,,,
678764513869611008,528,1741,photo,,,
678755239630127104,3657,7642,photo,,,
678740035362037760,1881,4006,photo,,,
678708137298427904,2680,5944,,,,
678675843183484930,1637,3074,photo,,,
678643457146150913,473,2194,photo,,,
678446151570427904,1733,4264,photo,,,
678424312106393600,2804,5788,photo,,,
678410210315247616,2007,4536,photo,,,
678399652199309312,30384,62017,video,,,
678396796259975168,462,1691,photo,photo,,
678389028614488064,462,1993,photo,,,
678380236862578688,988,2597,photo,,,
678341075375947776,590,1844,photo,,,
678334497360859136,295,1382,photo,,,
678278586130948096,6664,12265,photo,,,
678255464182861824,408,1690,photo,,,
678023323247357953,427,2049,,,,
678021115718029313,6980,14679,photo,,,
677961670166224897,1836,3628,,,,
677918531514703872,447,1435,photo,,,
677895101218201600,2328,5155,photo,,,
677716515794329600,1071,3245,photo,,,
677700003327029250,1573,3612,photo,,,
677698403548192770,349,1301,photo,,,
677687604918272002,925,2631,photo,,,
677673981332312066,1639,3547,photo,,,
677662372920729601,1069,2080,photo,,,
677644091929329666,871,2003,video,,,
677573743309385728,803,2279,photo,photo,,
677565715327688705,502,1371,photo,,,
677557565589463040,1277,2598,photo,,,
677547928504967168,3974,7387,photo,,,
677530072887205888,245,1132,photo,,,
677335745548390400,1958,3250,,,,
677334615166730240,321,1444,photo,photo,,
677331501395156992,260,1158,photo,,,
677328882937298944,1639,3860,photo,,,
677314812125323265,589,1751,photo,photo,,
677301033169788928,454,1324,photo,,,
677269281705472000,774,2114,photo,,,
677228873407442944,1791,3768,photo,,,
677187300187611136,1004,2907,photo,,,
676975532580409345,1172,2946,photo,,,
676957860086095872,884,2342,video,,,
676949632774234114,431,1376,photo,,,
676948236477857792,956,2303,photo,,,
676946864479084545,414,1807,photo,,,
676942428000112642,837,2202,photo,,,
676936541936185344,5377,13508,photo,,,
676916996760600576,1956,3156,,,,
676897532954456065,795,2382,photo,,,
676864501615042560,783,2236,photo,,,
676821958043033607,17069,24560,photo,photo,,
676819651066732545,723,1914,photo,photo,,
676811746707918848,460,1507,photo,,,
676776431406465024,2190,5290,video,,,
676617503762681856,1077,3074,photo,,,
676613908052996102,211,1153,photo,,,
676606785097199616,480,1998,photo,,,
676603393314578432,430,1244,photo,,,
676593408224403456,2351,4846,,,,
676590572941893632,139,976,,,,
676588346097852417,870,2477,photo,,,
676582956622721024,307,1277,photo,,,
676575501977128964,1228,2741,photo,,,
676533798876651520,607,1987,photo,,,
676496375194980353,583,1601,photo,,,
676470639084101634,5099,12362,photo,,,
676440007570247681,733,1819,photo,photo,,
676430933382295552,377,1476,photo,,,
676263575653122048,591,2187,photo,,,
676237365392908289,324,1295,photo,,,
676219687039057920,33785,78970,photo,,,
676215927814406144,641,1840,photo,,,
676191832485810177,1118,2410,photo,photo,photo,
676146341966438401,725,2035,photo,,,
676121918416756736,1271,2274,,,,
676101918813499392,1256,2973,photo,,,
676098748976615425,1565,3193,photo,,,
676089483918516224,466,1392,photo,,,
675898130735476737,632,1735,photo,,,
675891555769696257,949,2257,photo,,,
675888385639251968,1041,2520,photo,,,
675878199931371520,1534,4423,photo,,,
675870721063669760,613,1739,photo,,,
675853064436391936,1414,2849,photo,photo,,
675849018447167488,166,1000,,,,
675845657354215424,969,2417,photo,,,
675822767435051008,578,1609,photo,,,
675820929667219457,249,1108,photo,,,
675798442703122432,3679,10849,photo,,,
675781562965868544,516,1702,photo,,,
675740360753160193,376,1226,video,,,
675710890956750848,901,2000,photo,photo,,
675707330206547968,749,2104,photo,,,
675706639471788032,104,681,photo,,,
675534494439489536,454,1904,photo,,,
675531475945709568,420,1243,photo,,,
675522403582218240,308,1095,photo,,,
675517828909424640,494,1380,photo,,,
675501075957489664,6313,18115,photo,,,
675497103322386432,1412,3317,photo,,,
675489971617296384,649,1365,photo,,,
675483430902214656,1054,1947,photo,,,
675432746517426176,615,1598,photo,photo,photo,
675372240448454658,547,1798,photo,,,
675362609739206656,251,1106,photo,,,
675354435921575936,18541,34552,video,,,
675349384339542016,2455,4151,photo,photo,photo,photo
675334060156301312,1395,2933,photo,photo,,
675166823650848770,1748,3817,photo,,,
675153376133427200,2820,6639,photo,,,
675149409102012420,1823,3940,photo,,,
675147105808306176,261,999,photo,,,
675146535592706048,339,1265,photo,,,
675145476954566656,971,2248,photo,,,
675135153782571009,532,1365,photo,,,
675113801096802304,851,2059,photo,,,
675111688094527488,274,1014,photo,,,
675109292475830276,1222,2934,photo,,,
675047298674663426,355,1114,photo,,,
675015141583413248,1293,2852,photo,,,
675006312288268288,244,1027,photo,,,
675003128568291329,506,1630,photo,photo,,
674999807681908736,1196,2367,photo,,,
674805413498527744,383,909,video,,,
674800520222154752,931,3162,photo,,,
674793399141146624,1182,2639,photo,,,
674790488185167872,272,1157,photo,,,
674788554665512960,225,847,photo,,,
674781762103414784,1309,2101,photo,,,
674774481756377088,515,1185,photo,,,
674767892831932416,859,1928,photo,,,
674764817387900928,259,830,photo,photo,,
674754018082705410,482,1429,photo,,,
674752233200820224,502,1546,photo,photo,,
674743008475090944,592,1471,photo,,,
674742531037511680,54,515,,,,
674739953134403584,423,1174,photo,,,
674737130913071104,100,672,photo,,,
674690135443775488,501,1202,photo,,,
674670581682434048,701,1701,photo,,,
674664755118911488,272,970,photo,,,
674646392044941312,543,1503,photo,,,
674644256330530816,296,1075,photo,,,
674638615994089473,630,1762,photo,,,
674632714662858753,619,1570,photo,,,
674606911342424069,109,987,,,,
674468880899788800,2212,6523,photo,photo,,
674447403907457024,384,1114,photo,,,
674436901579923456,422,1170,photo,,,
674422304705744896,572,1495,photo,,,
674416750885273600,150,712,photo,,,
674410619106390016,504,1253,photo,,,
674394782723014656,616,1570,photo,,,
674372068062928900,333,894,photo,,,
674330906434379776,78,585,,,,
674318007229923329,555,1480,photo,,,
674307341513269249,7444,11890,,,,
674291837063053312,6340,15477,photo,,,
674271431610523648,778,1642,photo,,,
674269164442398721,246,938,photo,,,
674265582246694913,903,1713,photo,,,
674262580978937856,489,1356,photo,,,
674255168825880576,602,1535,photo,,,
674082852460433408,182,785,photo,,,
674075285688614912,307,1021,photo,,,
674063288070742018,2387,6670,photo,,,
674053186244734976,1406,3486,photo,,,
674051556661161984,519,1522,photo,,,
674045139690631169,692,1481,photo,,,
674042553264685056,138,752,photo,,,
674038233588723717,439,1150,photo,,,
674036086168010753,234,877,photo,,,
674024893172875264,1314,1873,photo,,,
674019345211760640,323,1183,photo,,,
674014384960745472,696,1638,photo,,,
674008982932058114,380,1256,photo,,,
673956914389192708,1040,2044,photo,,,
673919437611909120,389,1218,photo,,,
673906403526995968,1749,3336,photo,,,
673887867907739649,270,974,photo,photo,,
673716320723169284,815,3223,,,,
673715861853720576,2241,3718,photo,,,
673711475735838725,319,1084,photo,,,
673709992831262724,297,886,photo,,,
673708611235921920,309,1118,photo,,,
673707060090052608,421,1151,photo,photo,,
673705679337693185,423,1310,photo,,,
673700254269775872,610,1492,photo,,,
673697980713705472,2095,3977,photo,photo,,
673689733134946305,691,1820,photo,photo,,
673688752737402881,528,1319,photo,,,
673686845050527744,466,1505,photo,,,
673680198160809984,502,1426,photo,,,
673662677122719744,385,1303,photo,,,
673656262056419329,260,750,photo,,,
673636718965334016,397,1170,photo,,,
673612854080196609,779,1654,photo,,,
673583129559498752,393,1241,photo,,,
673580926094458881,285,863,photo,,,
673576835670777856,597,1439,photo,,,
673363615379013632,332,1064,photo,,,
673359818736984064,715,1521,photo,,,
673355879178194945,630,1556,photo,photo,photo,
673352124999274496,576,1720,photo,,,
673350198937153538,224,763,photo,,,
673345638550134785,1377,2632,photo,,,
673343217010679808,284,1011,photo,,,
673342308415348736,632,1318,photo,,,
673320132811366400,8477,14130,photo,photo,photo,photo
673317986296586240,282,901,photo,photo,,
673295268553605120,3386,7853,photo,,,
673270968295534593,395,1105,photo,,,
673240798075449344,773,1479,photo,,,
673213039743795200,903,2353,photo,,,
673148804208660480,674,1774,photo,,,
672997845381865473,766,2045,photo,,,
672995267319328768,317,994,photo,,,
672988786805112832,307,1012,photo,,,
672984142909456390,576,1299,photo,,,
672980819271634944,1054,1879,photo,,,
672975131468300288,983,1759,photo,,,
672970152493887488,377,996,photo,,,
672968025906282496,587,1369,photo,,,
672964561327235073,688,1480,photo,,,
672902681409806336,535,1420,photo,,,
672898206762672129,446,923,photo,,,
672884426393653248,880,1621,photo,,,
672877615439593473,393,1069,photo,,,
672834301050937345,612,1369,photo,,,
672828477930868736,518,1309,photo,,,
672640509974827008,342,1009,photo,,,
672622327801233409,525,1349,photo,,,
672614745925664768,626,1273,photo,,,
672609152938721280,411,1158,photo,,,
672604026190569472,432,1162,photo,,,
672594978741354496,642,1378,photo,,,
672591762242805761,353,988,photo,,,
672591271085670400,199,758,photo,,,
672538107540070400,396,1068,photo,,,
672523490734551040,184,677,photo,,,
672488522314567680,470,1159,photo,,,
672482722825261057,643,1182,photo,,,
672481316919734272,130,738,photo,,,
672475084225949696,747,1498,photo,,,
672466075045466113,575,1411,photo,,,
672272411274932228,3593,6726,photo,photo,,
672267570918129665,648,1555,photo,,,
672264251789176834,365,1192,photo,,,
672256522047614977,1655,2934,photo,,,
672254177670729728,784,1481,photo,,,
672248013293752320,645,1791,photo,,,
672245253877968896,165,713,photo,,,
672239279297454080,338,931,photo,,,
672231046314901505,1069,1918,photo,,,
672222792075620352,225,815,photo,,,
672205392827572224,1227,2356,photo,,,
672169685991993344,394,1056,photo,,,
672160042234327040,383,905,photo,,,
672139350159835138,770,1828,photo,,,
672125275208069120,1214,2507,photo,,,
672095186491711488,390,1034,photo,,,
672082170312290304,390,980,photo,,,
672068090318987265,547,1353,photo,,,
671896809300709376,4415,8809,photo,,,
671891728106971137,598,1385,photo,,,
671882082306625538,1459,3609,photo,,,
671879137494245376,730,1477,photo,,,
671874878652489728,586,1303,photo,photo,,
671866342182637568,535,1169,photo,,,
671855973984772097,483,954,photo,,,
671789708968640512,3705,7362,animated_gif,,,
671768281401958400,555,1240,photo,photo,,
671763349865160704,976,1751,photo,,,
671744970634719232,820,1397,photo,,,
671743150407421952,241,767,photo,,,
671735591348891648,794,1498,photo,photo,photo,photo
671729906628341761,4645,8914,photo,,,
671561002136281088,7702,13412,photo,,,
671550332464455680,220,952,,,,
671547767500775424,635,1411,photo,photo,,
671544874165002241,1115,2077,photo,,,
671542985629241344,601,1139,photo,,,
671538301157904385,420,962,photo,,,
671536543010570240,436,1224,photo,,,
671533943490011136,612,1071,photo,,,
671528761649688577,274,877,photo,,,
671520732782923777,565,1456,photo,,,
671518598289059840,310,985,photo,,,
671511350426865664,772,1685,photo,,,
671504605491109889,3755,7334,photo,photo,,
671497587707535361,474,962,photo,,,
671488513339211776,498,1050,photo,,,
671486386088865792,219,607,photo,,,
671485057807351808,245,791,photo,,,
671390180817915904,783,1476,photo,,,
671362598324076544,311,1165,photo,,,
671357843010908160,155,416,photo,photo,photo,photo
671355857343524864,118,497,photo,,,
671347597085433856,462,1011,photo,photo,,
671186162933985280,228,767,photo,,,
671182547775299584,364,1166,photo,,,
671166507850801152,376,910,photo,,,
671163268581498880,1179,1734,photo,,,
671159727754231808,87,389,photo,,,
671154572044468225,229,748,photo,,,
671151324042559489,161,697,photo,,,
671147085991960577,242,700,photo,,,
671141549288370177,694,1216,photo,,,
671138694582165504,427,968,photo,,,
671134062904504320,206,779,photo,,,
671122204919246848,2695,3649,photo,,,
671115716440031232,820,1409,photo,,,
671109016219725825,468,1193,photo,,,
670995969505435648,309,1151,photo,photo,photo,
670842764863651840,9328,25598,photo,,,
670840546554966016,208,616,photo,,,
670838202509447168,736,1161,photo,,,
670833812859932673,132,465,photo,,,
670832455012716544,232,765,photo,,,
670826280409919488,4327,5810,photo,,,
670823764196741120,201,806,photo,,,
670822709593571328,102,633,photo,,,
670815497391357952,1647,3314,photo,,,
670811965569282048,286,1174,photo,,,
670807719151067136,520,1195,photo,photo,photo,
670804601705242624,1004,2051,photo,,,
670803562457407488,93,351,photo,,,
670797304698376195,250,758,photo,,,
670792680469889025,293,867,photo,,,
670789397210615808,254,690,photo,,,
670786190031921152,213,627,photo,,,
670783437142401025,419,850,photo,,,
670782429121134593,836,1645,photo,,,
670780561024270336,305,808,photo,,,
670778058496974848,76,340,photo,,,
670764103623966721,452,1119,photo,,,
670755717859713024,120,465,photo,,,
670733412878163972,538,999,photo,,,
670727704916926465,391,866,photo,,,
670717338665226240,528,1270,photo,,,
670704688707301377,392,791,photo,,,
670691627984359425,256,610,photo,,,
670679630144274432,308,779,photo,,,
670676092097810432,45,261,photo,,,
670668383499735048,5363,11183,photo,,,
670474236058800128,813,1590,photo,,,
670468609693655041,89,364,photo,,,
670465786746662913,588,1011,photo,,,
670452855871037440,220,571,photo,,,
670449342516494336,715,1238,photo,,,
670444955656130560,2098,6989,photo,,,
670442337873600512,207,677,photo,,,
670435821946826752,557,1095,photo,,,
670434127938719744,688,1466,photo,,,
670433248821026816,121,335,photo,,,
670428280563085312,675,1450,photo,,,
670427002554466305,174,537,photo,,,
670421925039075328,682,1367,photo,,,
670420569653809152,332,656,photo,,,
670417414769758208,341,591,photo,,,
670411370698022913,960,2130,photo,,,
670408998013820928,238,583,photo,,,
670403879788544000,169,449,photo,,,
670385711116361728,227,583,photo,,,
670374371102445568,286,767,photo,,,
670361874861563904,71,340,photo,,,
670338931251150849,118,444,photo,,,
670319130621435904,1308,4010,photo,,,
670303360680108032,143,443,photo,,,
670290420111441920,300,736,photo,,,
670093938074779648,358,1077,photo,,,
670086499208155136,267,724,photo,,,
670079681849372674,1338,2326,photo,,,
670073503555706880,843,1630,photo,,,
670069087419133954,262,661,photo,,,
670061506722140161,367,798,photo,,,
670055038660800512,351,696,photo,,,
670046952931721218,187,674,photo,,,
670040295598354432,117,784,photo,,,
670037189829525505,296,610,photo,,,
670003130994700288,98,345,photo,,,
669993076832759809,89,337,photo,,,
669972011175813120,171,460,photo,,,
669970042633789440,64,314,photo,,,
669942763794931712,180,528,photo,,,
669926384437997569,111,393,photo,,,
669923323644657664,61,245,photo,,,
669753178989142016,426,840,photo,,,
669749430875258880,68,283,photo,,,
669684865554620416,94,544,,,,
669683899023405056,116,408,photo,,,
669682095984410625,141,368,photo,,,
669680153564442624,305,697,photo,,,
669661792646373376,463,841,photo,,,
669625907762618368,1915,3689,photo,,,
669603084620980224,392,989,photo,,,
669597912108789760,160,535,photo,,,
669583744538451968,989,1552,photo,,,
669573570759163904,153,449,photo,,,
669571471778410496,1065,1651,photo,,,
669567591774625800,60,243,photo,,,
669564461267722241,130,403,photo,,,
669393256313184256,81,378,photo,,,
669375718304980992,767,1392,photo,,,
669371483794317312,190,515,photo,,,
669367896104181761,166,477,photo,,,
669363888236994561,242,652,photo,,,
669359674819481600,131,380,photo,,,
669354382627049472,1349,2823,photo,,,
669353438988365824,271,673,photo,,,
669351434509529089,198,463,photo,,,
669328503091937280,441,1052,photo,,,
669327207240699904,121,599,photo,,,
669324657376567296,218,514,photo,,,
669216679721873412,409,941,photo,,,
669214165781868544,178,460,photo,,,
669203728096960512,507,1050,photo,,,
669037058363662336,328,683,photo,,,
669015743032369152,393,771,photo,,,
669006782128353280,264,599,photo,,,
669000397445533696,6763,21725,photo,,,
668994913074286592,249,459,photo,,,
668992363537309700,369,780,photo,,,
668989615043424256,346,710,photo,,,
668988183816871936,500,940,photo,,,
668986018524233728,177,574,photo,,,
668981893510119424,326,565,photo,,,
668979806671884288,374,827,photo,,,
668975677807423489,619,1367,photo,,,
668967877119254528,25,154,,,,
668960084974809088,251,740,photo,,,
668955713004314625,74,295,photo,,,
668932921458302977,61,280,photo,,,
668902994700836864,106,330,photo,,,
668892474547511297,161,413,photo,,,
668872652652679168,315,550,photo,,,
668852170888998912,174,470,photo,,,
668826086256599040,147,456,photo,,,
668815180734689280,285,596,photo,,,
668779399630725120,397,732,photo,,,
668655139528511488,229,551,photo,,,
668645506898350081,574,936,photo,,,
668643542311546881,563,923,photo,,,
668641109086707712,566,1123,photo,,,
668636665813057536,510,1082,photo,,,
668633411083464705,1746,2948,photo,photo,,
668631377374486528,339,748,photo,,,
668627278264475648,122,332,photo,,,
668625577880875008,140,410,photo,,,
668623201287675904,829,1510,photo,photo,photo,photo
668620235289837568,46,215,photo,,,
668614819948453888,335,636,photo,,,
668587383441514497,1147,1728,,,,
668567822092664832,61,255,photo,,,
668544745690562560,241,541,photo,,,
668542336805281792,227,484,photo,,,
668537837512433665,78,259,photo,,,
668528771708952576,237,486,photo,,,
668507509523615744,113,338,photo,,,
668496999348633600,140,427,photo,,,
668484198282485761,250,442,photo,,,
668480044826800133,155,481,photo,,,
668466899341221888,546,922,photo,,,
668297328638447616,313,642,photo,,,
668291999406125056,34,259,photo,,,
668286279830867968,144,525,photo,,,
668274247790391296,243,860,photo,,,
668268907921326080,254,574,photo,,,
668256321989451776,651,1353,photo,,,
668248472370458624,513,1031,photo,,,
668237644992782336,3010,6463,photo,,,
668226093875376128,112,314,photo,,,
668221241640230912,209,526,photo,,,
668204964695683073,204,576,photo,,,
668190681446379520,205,675,photo,,,
668171859951755264,203,512,photo,,,
668154635664932864,331,513,photo,,,
668142349051129856,303,581,photo,,,
668113020489474048,258,692,photo,,,
667937095915278337,839,1324,photo,,,
667924896115245057,117,309,photo,,,
667915453470232577,58,218,photo,,,
667911425562669056,318,510,photo,,,
667902449697558528,390,875,photo,,,
667886921285246976,1151,1970,photo,,,
667885044254572545,511,849,photo,,,
667878741721415682,125,406,photo,,,
667873844930215936,428,652,photo,,,
667866724293877760,1085,3107,photo,,,
667861340749471744,83,250,photo,,,
667832474953625600,65,294,photo,,,
667806454573760512,524,1091,photo,,,
667801013445750784,98,337,photo,,,
667793409583771648,345,720,photo,,,
667782464991965184,254,427,photo,,,
667773195014021121,59,240,photo,,,
667766675769573376,231,462,photo,,,
667728196545200128,159,386,photo,,,
667724302356258817,334,505,photo,,,
667550904950915073,35,0,photo,,,
667550882905632768,33,0,photo,,,
667549055577362432,2404,5994,photo,,,
667546741521195010,133,344,photo,,,
667544320556335104,551,896,photo,,,
667538891197542400,70,209,photo,,,
667534815156183040,563,845,photo,,,
667530908589760512,255,489,photo,,,
667524857454854144,1172,1752,photo,,,
667517642048163840,198,381,photo,,,
667509364010450944,2221,7005,photo,,,
667502640335572993,228,550,photo,,,
667495797102141441,288,547,photo,,,
667491009379606528,237,550,photo,,,
667470559035432960,101,265,photo,,,
667455448082227200,65,196,photo,,,
667453023279554560,93,320,photo,,,
667443425659232256,607,809,photo,,,
667437278097252352,249,465,photo,,,
667435689202614272,85,314,photo,,,
667405339315146752,225,480,photo,,,
667393430834667520,58,202,photo,,,
667369227918143488,170,377,photo,,,
667211855547486208,251,508,photo,,,
667200525029539841,272,633,photo,,,
667192066997374976,110,401,photo,,,
667188689915760640,433,768,photo,,,
667182792070062081,6476,14777,photo,,,
667177989038297088,57,194,photo,,,
667176164155375616,474,628,photo,,,
667174963120574464,86,255,photo,,,
667171260800061440,95,228,photo,,,
667165590075940865,1197,2761,photo,,,
667160273090932737,65,263,photo,,,
667152164079423490,17803,48901,photo,,,
667138269671505920,2313,4740,photo,,,
667119796878725120,133,337,photo,,,
667090893657276420,130,341,photo,,,
667073648344346624,129,414,photo,,,
667070482143944705,14,86,,,,
667065535570550784,49,169,photo,,,
667062181243039745,56,222,photo,,,
667044094246576128,51,192,photo,,,
667012601033924608,235,462,photo,,,
666996132027977728,99,248,photo,,,
666983947667116034,1018,2624,photo,,,
666837028449972224,568,839,photo,,,
666835007768551424,82,220,photo,,,
666826780179869698,99,258,photo,,,
666817836334096384,259,533,photo,,,
666804364988780544,94,244,photo,,,
666786068205871104,502,784,photo,,,
666781792255496192,203,397,photo,,,
666776908487630848,178,360,photo,,,
666739327293083650,67,240,photo,,,
666701168228331520,223,441,photo,,,
666691418707132416,48,190,photo,,,
666649482315059201,595,900,photo,,,
666644823164719104,85,235,photo,,,
666454714377183233,213,529,photo,,,
666447344410484738,22,105,photo,,,
666437273139982337,50,129,photo,,,
666435652385423360,54,168,photo,,,
666430724426358785,199,321,photo,,,
666428276349472768,84,166,photo,,,
666421158376562688,114,320,photo,,,
666418789513326592,47,127,photo,,,
666411507551481857,331,451,photo,,,
666407126856765440,41,111,photo,,,
666396247373291520,87,168,photo,,,
666373753744588802,94,191,photo,,,
666362758909284353,578,785,photo,,,
666353288456101888,74,224,photo,,,
666345417576210432,141,301,photo,,,
666337882303524864,93,199,photo,,,
666293911632134144,358,513,photo,,,
666287406224695296,68,151,photo,,,
666273097616637952,77,178,photo,,,
666268910803644416,36,105,photo,,,
666104133288665088,6686,14439,photo,,,
666102155909144576,13,80,photo,,,
666099513787052032,70,158,photo,,,
666094000022159362,76,166,photo,,,
666082916733198337,45,120,photo,,,
666073100786774016,169,326,photo,,,
666071193221509120,62,148,photo,,,
666063827256086533,223,480,photo,,,
666058600524156928,58,112,photo,,,
666057090499244032,142,299,photo,,,
666055525042405380,257,441,photo,,,
666051853826850816,856,1231,photo,,,
666050758794694657,58,133,photo,,,
666049248165822465,40,109,photo,,,
666044226329800704,141,301,photo,,,
666033412701032449,44,125,photo,,,
666029285002620928,47,131,photo,,,
666020888022790149,520,2561,photo,,,
